Fighter,Elo Rating
Jon Jones,1330.96
Georges St-Pierre,1298.36
Islam Makhachev,1268.8
Khabib Nurmagomedov,1237.01
Belal Muhammad,1234.54
Leon Edwards,1222.17
Charles Oliveira,1220.71
Aljamain Sterling,1214.44
Max Holloway,1212.81
Amanda Nunes,1211.65
Francis Ngannou,1205.11
Demetrious Johnson,1204.46
Kamaru Usman,1200.83
Dustin Poirier,1193.84
Alexander Volkanovski,1188.68
Merab Dvalishvili,1185.84
Stipe Miocic,1182.17
Robert Whittaker,1179.57
Dricus Du Plessis,1177.09
Alex Pereira,1175.96
Ilia Topuria,1173.88
Daniel Cormier,1172.99
Khamzat Chimaev,1172.64
Magomed Ankalaev,1171.82
Beneil Dariush,1170.25
Ryan Bader,1169.76
Valentina Shevchenko,1166.23
Deiveson Figueiredo,1164.66
Colby Covington,1163.53
Sean Strickland,1161.67
Grant Dawson,1161.02
Israel Adesanya,1160.28
Alexandre Pantoja,1159.08
Alexander Volkov,1157.86
Arman Tsarukyan,1155.85
Movsar Evloev,1153.8
Arnold Allen,1151.81
Ciryl Gane,1151.78
TJ Dillashaw,1151.21
Ian Machado Garry,1150.91
Sean O'Malley,1150.72
Brendan Allen,1150.38
Cain Velasquez,1149.82
Randy Brown,1149.53
Tom Aspinall,1149.06
Benson Henderson,1149.03
Curtis Blaydes,1147.8
Zhang Weili,1147.45
Jon Fitch,1146.57
Michael Bisping,1146.16
Glover Teixeira,1145.81
Royce Gracie,1145.1
Jack Della Maddalena,1143.47
Anthony Johnson,1139.29
Manon Fiorot,1138.73
Gegard Mousasi,1138.45
Henry Cejudo,1136.75
Jan Blachowicz,1136.26
Mario Bautista,1135.93
Renato Moicano,1135.78
Shavkat Rakhmonov,1135.65
Vicente Luque,1135.25
Demian Maia,1134.39
Don Frye,1134.24
Francisco Trinaldo,1133.06
Caio Borralho,1131.67
Cory Sandhagen,1131.57
Tatiana Suarez,1131.54
Sean Brady,1129.83
Petr Yan,1128.61
Maycee Barber,1128.47
Lerone Murphy,1127.8
Dong Hyun Kim,1127.51
Conor McGregor,1127.5
Dan Hooker,1127.37
Drakkar Klose,1126.92
Matt Hughes,1125.1
Muhammad Mokaev,1124.51
John Lineker,1124.4
Justin Gaethje,1124.15
Joaquin Buckley,1122.52
Rustam Khabilov,1122.34
Lyoto Machida,1122.2
Erin Blanchfield,1122.19
Jose Aldo,1121.76
Josh Emmett,1121.67
Umar Nurmagomedov,1121.62
Raquel Pennington,1120.78
Norma Dumont,1120.25
Randy Couture,1117.94
Derek Brunson,1117.52
Paddy Pimblett,1117.49
Jailton Almeida,1117.46
Gilbert Burns,1117.3
Carlos Ulberg,1116.18
Song Yadong,1115.82
Nassourdine Imavov,1115.78
Yair Rodriguez,1115.69
Derrick Lewis,1114.44
Fabricio Werdum,1113.18
Michel Pereira,1113.18
Montel Jackson,1112.91
Joseph Benavidez,1112.84
Natalia Silva,1112.74
Gregor Gillespie,1112.1
Chris Gutierrez,1111.0
Rinat Fakhretdinov,1110.73
Zabit Magomedsharipov,1110.34
Neil Magny,1109.55
Kenny Florian,1109.51
Rose Namajunas,1109.5
Brandon Moreno,1109.26
Marlon Vera,1108.06
TJ Grant,1108.0
Yan Xiaonan,1107.17
Michael Morales,1107.02
Giga Chikadze,1105.85
Julianna Pena,1105.35
Kyoji Horiguchi,1104.58
Anthony Hernandez,1104.43
Phil Davis,1103.99
Michael Chiesa,1101.58
Yoel Romero,1100.75
Marcin Tybura,1100.73
Alexa Grasso,1100.54
Mateusz Gamrot,1100.52
Elizeu Zaleski dos Santos,1100.5
Zak Cummings,1100.02
Chuck Liddell,1099.88
Forrest Griffin,1099.75
Diego Lopes,1099.75
Marvin Vettori,1099.16
Brian Ortega,1099.13
Tyron Woodley,1099.0
Nate Diaz,1098.74
Sean Woodson,1098.68
Diego Ferreira,1098.66
Jack Hermansson,1098.31
Anderson Silva,1097.86
Alistair Overeem,1097.79
Brandon Royval,1097.32
Darren Elkins,1097.31
Rory MacDonald,1097.27
Roman Dolidze,1097.2
Gunnar Nelson,1096.78
Rich Franklin,1096.67
James Krause,1096.65
Nasrat Haqparast,1096.21
Jim Miller,1095.03
Robbie Lawler,1094.56
Jessica Andrade,1094.01
Chris Weidman,1093.93
Frank Shamrock,1093.79
Said Nurmagomedov,1093.01
Dominick Cruz,1092.98
Matt Lindland,1092.94
Gregory Rodrigues,1092.94
Anthony Pettis,1092.66
Geoff Neal,1092.47
Rick Story,1091.81
Virna Jandiroba,1091.81
Shane Burgos,1091.6
Frankie Edgar,1091.44
Vitor Belfort,1090.71
Cristiane Justino,1090.63
Muslim Salikhov,1090.35
Dan Severn,1090.34
Jonathan Martinez,1090.33
Tim Sylvia,1090.32
Corey Anderson,1090.13
Serghei Spivac,1090.12
Pat Miletich,1089.99
Rob Font,1089.99
Bryce Mitchell,1089.53
Nikita Krylov,1089.45
Carlos Prates,1088.97
Jamahal Hill,1088.84
Ricardo Lamas,1088.76
Michel Prazeres,1087.91
Elias Theodorou,1087.65
Jairzinho Rozenstruik,1087.45
Jake Matthews,1087.08
Ludovit Klein,1086.89
Gillian Robertson,1086.88
Erik Perez,1086.87
Tatsuro Taira,1086.75
Josh Barnett,1086.61
Bryan Battle,1086.57
Chas Skelly,1086.27
Mairbek Taisumov,1086.06
Yushin Okami,1086.04
John Hathaway,1085.63
JunYong Park,1085.29
Rafael Dos Anjos,1084.57
Katlyn Cerminara,1084.51
Junior Dos Santos,1084.34
Rani Yahya,1083.26
Sean Sherk,1082.73
Jared Cannonier,1082.65
Chad Mendes,1082.4
Anthony Rocco Martin,1082.17
Macy Chiasson,1082.15
Rashid Magomedov,1081.83
Nathaniel Wood,1081.8
Azamat Murzakanov,1081.76
Khaos Williams,1081.5
Thiago Silva,1081.09
Edson Barboza,1080.73
Chepe Mariscal,1080.15
Kelvin Gastelum,1080.11
Aiemann Zahabi,1080.11
Fares Ziam,1080.04
Andre Muniz,1079.94
Krzysztof Jotko,1079.76
Carla Esparza,1079.74
Sergei Pavlovich,1079.63
Ryan Hall,1079.32
William Gomis,1079.17
Asu Almabayev,1078.72
Germaine de Randamie,1078.69
Andre Petroski,1078.68
Joel Alvarez,1077.95
Nicolas Dalby,1077.82
Steve Garcia,1077.73
Shara Magomedov,1077.65
David Teymur,1077.46
Amanda Lemos,1077.08
Farid Basharat,1077.02
Daniel Rodriguez,1076.84
Martin Kampmann,1076.39
Marcus McGhee,1076.25
Jordan Johnson,1076.23
Cheick Kongo,1075.69
Jasmine Jasudavicius,1075.54
Mick Parkin,1075.52
Urijah Faber,1075.27
Matt Hamill,1074.63
Mark Kerr,1074.56
Tracy Cortez,1073.51
Bo Nickal,1073.27
Amir Albazi,1072.67
Ryan LaFlare,1072.66
Marcos Rogerio de Lima,1072.34
Dennis Siver,1071.58
Anthony Smith,1071.41
Chan Sung Jung,1071.37
Kyler Phillips,1071.33
Miranda Maverick,1070.94
Omari Akhmedov,1070.67
Thales Leites,1070.33
Taylor Lapilus,1070.23
Rousimar Palhares,1070.15
Quinton Jackson,1069.97
Paul Felder,1069.89
Oleg Taktarov,1069.79
Mike Pierce,1069.77
Stephen Thompson,1069.73
Sergio Pettis,1069.42
Waldo Cortes-Acosta,1069.27
Kai Kara-France,1069.09
Miles Johns,1069.02
Jens Pulver,1068.9
Alexandr Romanov,1068.82
Adrian Yanez,1068.7
Ronda Rousey,1068.65
Rafael Fiziev,1068.33
Pedro Rizzo,1068.31
Jorge Masvidal,1068.24
Khalil Rountree Jr.,1068.23
Rashad Evans,1067.79
Sage Northcutt,1067.79
Loma Lookboonmee,1067.66
Johny Hendricks,1067.64
Nate Quarry,1067.59
Pat Sabatini,1067.29
Jared Rosholt,1067.14
Joanna Jedrzejczyk,1066.97
Santiago Ponzinibbio,1066.06
Martin Buday,1065.63
Ketlen Vieira,1064.64
Roger Huerta,1064.61
Kevin Holland,1064.5
Cody Garbrandt,1063.84
Thiago Santos,1063.77
Joanderson Brito,1063.59
Dominick Reyes,1063.07
Mackenzie Dern,1062.87
Leonardo Santos,1062.72
Cub Swanson,1062.62
Iasmin Lucindo,1062.6
Jiri Prochazka,1062.36
Matthew Riddle,1062.31
Al Iaquinta,1061.84
King Green,1061.72
Myles Jury,1061.61
Youssef Zalal,1061.61
Ignacio Bahamondes,1061.6
Li Jingliang,1061.54
Chael Sonnen,1061.26
Karo Parisyan,1061.08
Mike Malott,1061.02
Jean Silva,1061.0
Mike Davis,1060.63
Ruslan Magomedov,1060.26
Daniel Marcos,1060.19
Mike Swick,1060.17
Mateusz Rebecki,1059.98
Jimmie Rivera,1059.84
Alan Belcher,1059.72
Tabatha Ricci,1059.56
Karol Rosa,1059.38
Diego Sanchez,1059.1
David Onama,1058.97
Raphael Assuncao,1058.53
Irene Aldana,1058.31
Jacqueline Cavalcanti,1058.03
Kevin Lee,1057.98
Donald Cerrone,1057.94
Alejandro Perez,1057.43
Brett Johns,1057.39
Mark Munoz,1057.22
Alex Caceres,1057.21
Ricky Simon,1057.12
Mark Bocek,1056.88
Andre Lima,1056.77
Amanda Ribas,1056.51
Payton Talbott,1056.47
Oban Elliott,1056.43
Joe Pyfer,1056.39
Sodiq Yusuff,1056.26
Themba Gorimbo,1056.23
Uriah Hall,1055.96
Tagir Ulanbekov,1055.91
Matt Brown,1055.74
Matt Mitrione,1055.7
Ailin Perez,1055.01
Paulo Costa,1054.94
Jeff Molina,1054.43
Rinya Nakamura,1054.38
Justin Willis,1054.21
Lauren Murphy,1054.1
Raul Rosas Jr.,1054.08
Karine Silva,1053.95
Rodolfo Vieira,1053.94
Vitor Petrino,1053.8
Thiago Tavares,1053.68
Alex Morono,1053.67
Stevie Ray,1053.66
Dan Hardy,1053.59
James Vick,1053.47
Damir Ismagulov,1053.25
Benoit Saint Denis,1052.69
Evan Tanner,1052.49
Sergio Moraes,1052.48
Michael McDonald,1052.21
Vinc Pichel,1052.12
Nate Maness,1051.97
Brad Tavares,1051.78
Ricco Rodriguez,1051.48
Jerry Bohlander,1051.3
Jussier Formiga,1051.12
Tony Ferguson,1050.95
Guy Mezger,1050.75
Chase Hooper,1050.72
Drew Dober,1050.66
Eddie Alvarez,1050.35
Dustin Ortiz,1050.29
Alan Jouban,1049.99
Ryan Spann,1049.84
Chris Curtis,1049.63
Calvin Kattar,1049.56
Michael Graves,1049.37
Jared Gordon,1048.87
Tecia Pennington,1048.81
Chris Lytle,1048.62
Nik Lentz,1048.58
Joshua Van,1048.47
Luke Rockhold,1047.93
Chris Wade,1047.9
Jon Madsen,1047.87
Renato Sobral,1047.66
Nazim Sadykhov,1047.55
Casey O'Neill,1047.3
Laverne Clark,1047.25
Sean Pierson,1047.1
Kayla Harrison,1046.98
Aleksandar Rakic,1046.85
Jalin Turner,1046.73
Francis Carmont,1046.65
Volkan Oezdemir,1046.52
Murilo Bustamante,1046.38
Alatengheili,1045.94
Charles Johnson,1045.79
Patrick Smith,1045.51
Shane Carwin,1045.46
Nate Landwehr,1045.2
Andre Fili,1045.08
Gabriel Bonfim,1045.08
Philipe Lins,1044.98
Aaron Simpson,1044.85
Viviane Araujo,1044.78
John Dodson,1044.76
Luana Carolina,1044.64
Alex Perez,1044.57
Claudia Gadelha,1044.46
Jack Shore,1044.19
Roman Kopylov,1044.11
Esteban Ribovics,1044.07
Jaqueline Amorim,1043.8
Alonzo Menifield,1043.66
John Moraga,1043.64
Alexander Gustafsson,1043.58
Vinicius Oliveira,1043.45
Ray Borg,1043.27
Jacare Souza,1043.2
Max Griffin,1043.04
Ilir Latifi,1042.7
Denise Gomes,1042.66
Julian Erosa,1042.42
Dan Ige,1042.35
Bas Rutten,1042.26
Frank Mir,1042.21
Shawn Jordan,1042.05
Mark Madsen,1042.01
Matheus Nicolau,1041.59
Christian Rodriguez,1041.35
Adlan Amagov,1041.25
Casey Kenney,1041.18
Trey Waters,1040.97
Jake Shields,1040.94
Dean Lister,1040.61
Kyung Ho Kang,1040.61
Joe Solecki,1040.56
Ken Shamrock,1040.54
Uros Medic,1040.41
Carlston Harris,1040.04
Oumar Sy,1040.04
Phillip Miller,1039.99
Brady Hiestand,1039.96
Chris Holdsworth,1039.88
Askar Askarov,1039.81
Jean Matsumoto,1039.66
Chris Duncan,1039.64
Arjan Bhullar,1039.59
Edimilson Souza,1039.29
Kurt Pellegrino,1039.19
Raoni Barcelos,1039.19
Charlie Campbell,1038.88
Josh Koscheck,1038.87
Stephan Bonnar,1038.86
Joel Sutton,1038.85
Don Madge,1038.85
Josefine Knutsson,1038.85
Zhang Mingyang,1038.85
Danny Barlow,1038.74
Jesus Aguilar,1038.73
Gray Maynard,1038.72
Bryan Caraway,1038.65
Krzysztof Soszynski,1038.58
Zubaira Tukhugov,1038.56
Abel Trujillo,1038.4
Vladimir Matyushenko,1038.3
Muhammad Naimov,1038.24
Tito Ortiz,1038.14
Claude Patrick,1038.12
Tainara Lisboa,1038.05
Lorenz Larkin,1038.02
Jacob Volkmann,1037.99
Hyder Amil,1037.93
Clayton Carpenter,1037.89
Javid Basharat,1037.76
Alex Hunter,1037.7
Brock Lesnar,1037.68
Chris Padilla,1037.67
Jeremy Kennedy,1037.58
Johnny Walker,1037.52
Desmond Green,1037.48
Alberto Mina,1037.36
Luis Pena,1037.28
Mauricio Ruffy,1037.17
Marina Rodriguez,1037.15
Makhmud Muradov,1037.13
Viscardi Andrade,1036.85
Dennis Bermudez,1036.71
HyunSung Park,1036.52
Ricardo Ramos,1036.48
JJ Aldrich,1036.36
Melvin Guillard,1036.28
Jeremiah Wells,1036.16
Ibo Aslan,1035.95
Cezar Ferreira,1035.94
Manuel Torres,1035.92
Claudio Puelles,1035.87
Constantinos Philippou,1035.73
Dan Henderson,1035.72
Julio Arce,1035.68
Ronaldo Rodriguez,1035.38
Melsik Baghdasaryan,1035.12
Jack Jenkins,1035.05
Diego Brandao,1035.0
Albert Tumenov,1034.93
Hakeem Dawodu,1034.92
Charles Radtke,1034.91
Kennedy Nzechukwu,1034.79
Tom Breese,1034.67
Marco Ruas,1034.64
Darren Till,1034.59
Magnus Cedenblad,1034.55
Loopy Godinez,1034.45
Enrique Barzola,1034.31
Holly Holm,1034.28
Brian Ebersole,1034.27
Ben Rothwell,1034.16
Daniel Kelly,1033.74
George Sotiropoulos,1033.72
Marcus Davis,1033.63
Luana Santos,1033.58
Billy Quarantillo,1033.46
Ramazan Emeev,1033.43
Gerald Harris,1033.39
Vanessa Demopoulos,1033.18
Nicolae Negumereanu,1032.81
CB Dollaway,1032.77
Mike Russow,1032.53
Jordan Mein,1032.0
Gerald Meerschaert,1031.93
Taila Santos,1031.86
Thiago Moises,1031.74
Iuri Alcantara,1031.71
Abus Magomedov,1031.4
Paul Daley,1031.16
Manel Kape,1031.07
Ricardo Almeida,1030.97
Gleison Tibau,1030.73
Tim Kennedy,1030.64
Karl Williams,1030.55
Kevin Randleman,1030.4
Antonio Carlos Junior,1030.28
Dooho Choi,1030.19
Ikram Aliskerov,1030.19
Wilson Gouveia,1029.93
Jorge Rivera,1029.71
Johnny Case,1029.65
Patrick Cote,1029.59
Sara McMann,1029.49
Ali Bagautinov,1029.43
David Terrell,1029.18
Victor Henry,1028.63
Cathal Pendred,1028.57
Cody Durden,1028.57
Travis Browne,1028.17
Evan Dunham,1028.14
Ismail Naurdiev,1028.14
Nordine Taleb,1028.13
Mirsad Bektic,1028.1
Jeff Monson,1027.92
Joe Lauzon,1027.68
Nina Nunes,1027.44
Claudio Silva,1026.77
Miesha Tate,1026.64
Curtis Millender,1026.51
Ismael Bonfim,1026.5
Shamil Gaziev,1025.86
Jacob Malkoun,1025.84
John Makdessi,1025.83
John Castaneda,1025.83
Davi Ramos,1025.52
Mark Coleman,1025.37
Sergey Khandozhko,1025.22
Olivier Aubin-Mercier,1024.76
Adriano Martins,1024.62
Douglas Silva de Andrade,1024.53
Lucas Martins,1024.5
Saidyokub Kakhramonov,1024.45
Charles Jourdain,1024.41
Nikolas Motta,1024.36
Steve Erceg,1024.36
Kajan Johnson,1024.34
Maurice Smith,1024.31
Drew Fickett,1024.27
Myktybek Orolbai,1024.24
Bogdan Guskov,1024.16
Norman Parke,1023.86
Jafel Filho,1023.75
Nursulton Ruziboev,1023.69
Chad Laprise,1023.56
Thiago Alves,1023.53
Felipe Lima,1023.52
Joanne Wood,1023.46
Daniel Santos,1023.36
Takeya Mizugaki,1023.35
Rodrigo Nascimento,1023.3
Maiquel Falcao,1023.23
Jhonata Diniz,1023.22
Allan Nascimento,1023.2
Khalid Murtazaliev,1023.19
Reiner de Ridder,1023.14
Carlos Condit,1023.09
Ketlen Souza,1022.92
Trey Ogden,1022.91
Brendan Schaub,1022.71
Kenichi Yamamoto,1022.7
Timur Valiev,1022.62
Che Mills,1022.31
Wilson Reis,1022.26
Sergey Morozov,1022.24
Pedro Munhoz,1022.2
Sanae Kikuta,1022.17
Mark Hunt,1022.16
Kevin Jousset,1022.04
Todd Duffee,1021.99
Nora Cornolle,1021.72
Timothy Johnson,1021.66
Alexis Davis,1021.26
Ikuhisa Minowa,1021.22
Lee Murray,1021.22
Dmitry Sosnovskiy,1021.2
Melissa Mullins,1021.2
Mark Schultz,1021.15
Morgan Charriere,1021.15
Stephanie Luciano,1021.15
Leslie Smith,1021.08
Jonny Parsons,1021.02
Javier Vazquez,1020.96
Scott Ferrozzo,1020.93
Steve Bosse,1020.92
Danny Silva,1020.9
Augusto Sakai,1020.85
Matt Frevola,1020.8
Wang Guan,1020.67
Hermes Franca,1020.6
Jennifer Maia,1020.52
Magomed Mustafaev,1020.5
Remco Pardoel,1020.46
Montana De La Rosa,1020.35
Mark Hall,1020.32
Mauricio Rua,1020.17
Isaac Dulgarian,1020.16
Brad Riddell,1020.1
Carlos Felipe,1020.1
Rei Tsuruya,1020.06
Brian Foster,1020.04
Gerard Gordeau,1020.0
Frank Hamaker,1020.0
Jon Hess,1020.0
Onassis Parungao,1020.0
Rafael Carino,1020.0
Justin Martin,1020.0
Yoshiki Takahashi,1020.0
Enson Inoue,1020.0
Kazushi Sakuraba,1020.0
Cesar Marscucci,1020.0
Tulio Palhares,1020.0
Sione Latu,1020.0
Marcelo Mello,1020.0
Scott Adams,1020.0
Bob Cook,1020.0
Ben Earwood,1020.0
Mark Hughes,1020.0
Jonathan Wiezorek,1020.0
Tom Murphy,1020.0
Logan Clark,1020.0
Aliaskhab Khizriev,1020.0
Ramon Taveras,1020.0
ChangHo Lee,1020.0
Mairon Santos,1020.0
Ryan Loder,1020.0
Nathan Fletcher,1020.0
Loneâ€™er Kavanagh,1020.0
Shi Ming,1020.0
DongHun Choi,1020.0
SuYoung You,1020.0
Cameron Smotherman,1019.98
Mikey Burnett,1019.93
Paul Sass,1019.93
Ramazan Temirov,1019.88
Yanal Ashmouz,1019.83
Zachary Reese,1019.8
Jonathan Pearce,1019.57
Alexander Hernandez,1019.55
Tom Lawlor,1019.47
Rafael Natal,1019.46
Tyson Griffin,1019.43
Aspen Ladd,1019.4
Nurullo Aliev,1019.33
Rodolfo Bellato,1019.29
Tim Boetsch,1019.28
Eduarda Moura,1019.11
Elves Brener,1019.01
Cody Haddon,1019.01
Ebenezer Fontes Braga,1018.98
MarQuel Mederos,1018.98
Ariane Carnelossi,1018.94
Cesar Almeida,1018.94
Genki Sudo,1018.92
Steve Nelmark,1018.89
Sam Patterson,1018.87
Puja Tomar,1018.85
Magomed Gadzhiyasulov,1018.85
Rafael Estevam,1018.83
Steve Jennum,1018.79
Tyrone Roberts,1018.79
Jamal Pogues,1018.72
Mansur Abdul-Malik,1018.66
Caio Magalhaes,1018.24
Andre Roberts,1018.23
Marlon Moraes,1018.23
Brian Stann,1018.22
Melissa Gatto,1018.19
Michael Trizano,1018.15
Daniel Zellhuber,1018.01
Christian Leroy Duncan,1018.01
Fernando Padilla,1017.97
Brunno Ferreira,1017.95
Johnny Rhodes,1017.89
Tom Duquesnoy,1017.89
Abdul-Kerim Edilov,1017.83
Gaston Bolanos,1017.82
Brendson Ribiero,1017.81
Royston Wee,1017.77
Ronnie Lawrence,1017.74
Ovince Saint Preux,1017.67
Jamey-Lyn Horth,1017.34
JeongYeong Lee,1017.27
Mike Kyle,1017.2
Tom Nolan,1017.14
Ronny Markes,1017.04
Rafa Garcia,1017.03
Mizuki,1017.0
Matt Serra,1016.88
Juan Espino,1016.88
Jake O'Brien,1016.85
Jordan Leavitt,1016.78
Aisling Daly,1016.7
Din Thomas,1016.59
Scott Holtzman,1016.46
Gavin Tucker,1016.46
Tim Credeur,1016.42
Andrei Arlovski,1016.25
Ed Herman,1016.11
Robert Peralta,1016.08
Paddy Holohan,1016.06
Chidi Njokuani,1016.02
Kiichi Kunimoto,1015.96
Joaquim Silva,1015.88
Josh Samman,1015.83
Aleksei Oleinik,1015.81
Adam Wieczorek,1015.74
Edmen Shahbazyan,1015.48
Tim Elliott,1015.42
Sedriques Dumas,1015.12
Rich Attonito,1015.03
Bea Malecki,1014.82
Aleksei Kunchenko,1014.68
Davey Grant,1014.57
Cameron Saaiman,1014.51
Paul Kelly,1014.45
Matt Wiman,1014.06
Elias Silverio,1013.92
Nick Diaz,1013.86
Damon Jackson,1013.61
Mayra Bueno Silva,1013.45
Dustin Jacoby,1013.43
Soa Palelei,1013.3
Ben Nguyen,1013.14
Jimmy Crute,1012.78
Brad Blackburn,1012.7
Tai Tuivasa,1012.55
Lyman Good,1012.48
Megan Anderson,1012.36
Joselyne Edwards,1012.27
Josiane Nunes,1012.15
Terrance McKinney,1012.14
Paige VanZant,1012.03
Felicia Spencer,1011.89
Niko Price,1011.71
Yana Santos,1011.62
Gabriel Gonzaga,1011.56
Alan Patrick,1011.45
Yazmin Jauregui,1011.44
Michael Page,1011.4
Wanderlei Silva,1011.24
Rogerio Nogueira,1010.75
Jose Quinonez,1010.73
Liz Carmouche,1010.71
Terry Etim,1010.47
Phil Rowe,1010.31
Marc Diakiese,1010.21
Chris Daukaus,1010.09
Manny Bermudez,1010.07
DeAnna Bennett,1010.0
Julia Avila,1009.98
Mohammed Usman,1009.94
Jarjis Danho,1009.84
Cung Le,1009.54
Clint Hester,1009.42
Tatsuya Kawajiri,1009.29
Viktoriia Dudakova,1009.2
Ian Freeman,1009.09
Ron Waterman,1008.84
Steven Siler,1008.83
Song Kenan,1008.73
Tyson Pedro,1008.71
Michael Chandler,1008.17
Modestas Bukauskas,1008.08
Eryk Anders,1008.04
Michael Johnson,1007.69
Ildemar Alcantara,1007.68
Angela Hill,1007.67
Falaniko Vitale,1007.55
Keith Hackney,1007.19
Zak Ottow,1006.96
Diego Nunes,1006.76
Luis Saldana,1006.69
Jimi Manuwa,1006.58
Chris Cariaso,1006.49
Brandon Vera,1006.28
Paul Craig,1006.22
Karolina Kowalkiewicz,1006.16
Jai Herbert,1006.14
Melquizael Costa,1006.06
Gary Goodridge,1005.9
Amir Sadollah,1005.75
Sultan Aliev,1005.5
Bruno Silva,1005.48
Bruna Brasil,1005.36
Rich Clementi,1005.32
Kendall Grove,1005.27
Antonio Carvalho,1005.15
Guram Kutateladze,1005.15
Gan McGee,1005.12
Dennis Hallman,1005.09
Alessandro Costa,1004.82
Buddy Roberts,1004.71
Waylon Lowe,1004.65
Siyar Bahadurzada,1004.64
Alex Garcia,1004.57
Amaury Bitetti,1004.37
Gabriella Fernandes,1004.34
Chance Rencountre,1004.3
Bill Algeo,1004.26
Clay Guida,1004.21
Dave Beneteau,1004.2
Adam Fugitt,1004.17
Shinsho Anzai,1004.14
Mike van Arsdale,1004.0
Albert Duraev,1003.88
Marcio Cruz,1003.86
TJ Waldburger,1003.84
Lucas Almeida,1003.81
Stefan Struve,1003.72
Justin Tafa,1003.54
Da'Mon Blackshear,1003.46
Mounir Lazzez,1003.25
Tresean Gore,1003.19
Mike Wilkinson,1003.14
Elise Reed,1003.11
Julia Polastri,1003.11
Tony Kelley,1003.0
Mike Perry,1002.95
Thomas Petersen,1002.95
Armen Petrosyan,1002.7
Antoni Hardonk,1002.61
Joe Charles,1002.6
Travis Fulton,1002.48
Brian Melancon,1002.32
Ryan Janes,1002.32
Nick Thompson,1002.31
Mike Pyle,1002.31
Jonathan Meunier,1002.3
Jason Saggo,1002.27
Victor Hugo,1002.25
Geza Kalman,1002.23
Molly McCann,1002.16
Dwayne Cason,1002.1
Miguel Torres,1002.1
Daria Zhelezniakova,1002.05
Jutaro Nakao,1002.04
Hunter Azure,1002.04
Carlos Hernandez,1002.04
Abubakar Nurmagomedov,1001.93
Dione Barbosa,1001.88
Chris Kelades,1001.76
Ariane da Silva,1001.71
Hector Sandoval,1001.66
Dan Christison,1001.61
John Lewis,1001.59
Nick Catone,1001.54
Pascal Krauss,1001.54
Justin McCully,1001.32
Paul Buentello,1001.3
Joe Moreira,1001.28
Brianna Fortino,1001.28
Chelsea Chandler,1001.22
Benito Lopez,1001.21
Serhiy Sidey,1001.19
Tai Bowden,1001.15
Tereza Bleda,1001.15
Benji Radach,1001.09
Nick Sanzo,1001.08
Lance Gibson,1001.08
Erik Koch,1001.05
Dan Cramer,1001.02
Dustin Hazelett,1000.97
Junie Browning,1000.97
Eddie Yagin,1000.95
Jose Torres,1000.91
Jesus Pinedo,1000.91
Lance Benoist,1000.84
Galore Bofando,1000.8
Nate Marquardt,1000.78
Noad Lahat,1000.77
Nicco Montano,1000.75
Cody Stamann,1000.7
Da Woon Jung,1000.63
John Gunther,1000.51
Lavar Johnson,1000.48
Tsuyoshi Kohsaka,1000.47
Xiao Long,1000.31
Jarred Brooks,1000.29
Wesley Correira,1000.28
Shamil Gamzatov,1000.26
Semmy Schilt,1000.18
Jack Nilson,1000.07
Brad Kohler,1000.07
Sai Wang,1000.07
Irina Alekseeva,1000.04
Kevin Jackson,1000.01
Patrick Walsh,1000.01
Shauna Bannon,1000.01
Orlando Wiet,1000.0
Todd Medina,1000.0
Steven Graham,1000.0
Mark Robinson,1000.0
Ron Faircloth,1000.0
Anthony Torres,1000.0
Roman Mitichyan,1000.0
Nate Loughran,1000.0
Mackens Semerzier,1000.0
Ken Stone,1000.0
Pedro Nobre,1000.0
Robert Drysdale,1000.0
Ramiz Brahimaj,1000.0
Hamdy Abdelwahab,1000.0
Joe Slick,999.99
Ben Askren,999.99
Bolaji Oki,999.98
Antonina Shevchenko,999.97
David Branch,999.95
Kyle Watson,999.94
Katsuhisa Fujii,999.93
Keith Rockel,999.81
Montserrat Rendon,999.81
Jason DeLucia,999.8
Igor Araujo,999.72
Mark Godbeer,999.68
James Wilks,999.66
Danny Henry,999.63
Dan Bobish,999.46
Tomasz Drwal,999.45
Paul Varelans,999.42
Kaue Fernandes,999.42
Viviane Pereira,999.38
Evan Elder,999.37
Roy Nelson,999.33
Michal Oleksiejczuk,999.28
Chris Clements,999.26
Sam Adkins,999.18
Sirwan Kakai,999.16
Mike Nickels,999.07
Akira Corassani,999.06
Troy Mandaloniz,999.04
Tony Fryklund,999.03
Mike Ciesnolevicz,998.98
Bartosz Fabinski,998.97
Nad Narimani,998.97
Nick Maximov,998.97
Loik Radzhabov,998.96
Andrei Semenov,998.95
Scott Morris,998.92
Nick Denis,998.92
Billy Ray Goff,998.92
Kevin Ferguson,998.89
Daniel Barez,998.89
Scott Bessac,998.87
Antonio Rodrigo Nogueira,998.86
Melissa Martinez,998.86
Roberto Traven,998.85
Dave Strasser,998.85
War Machine,998.85
Anying Wang,998.85
Joe Ellenberger,998.85
Talita Alencar,998.85
Nah-Shon Burrell,998.83
BJ Penn,998.79
Ange Loosa,998.75
Nick Ring,998.68
Rony Jason,998.68
Paul Jones,998.66
Tony Gravely,998.64
Josh Thomson,998.51
Veronica Hardy,998.51
Francis Marshall,998.5
Natan Levy,998.48
Cheyanne Vlismas,998.47
Rory Singer,998.33
Sam Hughes,998.33
Leah Letson,998.29
Jimy Hettes,998.23
Impa Kasanganay,998.19
Naoki Inoue,998.02
Tanner Boser,997.96
Jesse Taylor,997.95
Joe Duffy,997.91
Danny Castillo,997.9
Tedd Williams,997.77
Pingyuan Liu,997.75
Gokhan Saki,997.73
Ricardo Abreu,997.64
Tim Means,997.62
Darren Uyenoyama,997.54
Guangyou Ning,997.53
Valter Walker,997.4
Marcelo Guimaraes,997.3
Alex Oliveira,997.14
Sijara Eubanks,997.07
Mitch Gagnon,996.91
Shonie Carter,996.88
Vernon White,996.87
Diego Rivas,996.8
Ottman Azaitar,996.67
Ricky Turcios,996.66
Danny Roberts,996.65
Pablo Garza,996.62
Luke Jumeau,996.33
Ian Heinisch,996.31
Piera Rodriguez,996.18
Azat Maksum,996.17
Punahele Soriano,996.11
Ramsey Nijem,996.06
Tiago dos Santos e Silva,996.06
Francisco Figueiredo,996.01
Wang Cong,995.97
Ivan Jorge,995.91
Mirko Filipovic,995.85
Valerie Letourneau,995.84
Roan Carneiro,995.74
Joe Stevenson,995.71
Anshul Jubli,995.69
Nicholas Musoke,995.61
Eliot Marshall,995.58
Zhang Lipeng,995.54
Brock Larson,995.36
Andrew Sanchez,995.19
Spencer Fisher,995.16
Ion Cutelaba,995.09
Eddie Sanchez,994.99
Mana Martinez,994.94
David Dvorak,994.93
Brian Bowles,994.92
Luke Barnatt,994.85
Luana Pinheiro,994.75
Gustavo Lopez,994.71
Trevor Prangley,994.24
Kyle Nelson,994.21
Tony DeSouza,994.11
Shane Nelson,993.88
Abdul Razak Alhassan,993.88
Fredy Serrano,993.86
Hugo Viana,993.73
Bryan Barberena,993.69
Viacheslav Borshchev,993.64
Frankie Saenz,993.59
Joe Proctor,993.43
Cory McKenna,993.35
Kenny Robertson,993.32
Danilo Marques,993.24
Aleksandra Albu,992.94
Erick Silva,992.89
Jason Lambert,992.75
Francimar Barroso,992.75
Jordan Rinaldi,992.42
Trevin Giles,992.41
Yves Jabouin,992.36
John Howard,991.98
Rob Emerson,991.97
Damir Hadzovic,991.94
Parker Porter,991.9
Brad Katona,991.84
Roland Delorme,991.68
Yancy Medeiros,991.65
Cyrille Diabate,991.41
Maryna Moroz,991.34
Muin Gafurov,991.29
Godofredo Pepey,991.28
Thomas Almeida,991.14
Luigi Fioravanti,991.04
Shayilan Nuerdanbieke,990.8
Jamie Mullarkey,990.66
Fabio Maldonado,990.63
Devonte Smith,990.59
Brad Gumm,990.58
Don'Tale Mayes,990.46
Jonathan Goulet,990.37
Danny Chavez,990.37
Maurice Greene,990.36
Shamil Abdurakhimov,990.24
Phil Hawes,990.23
Jesse Bongfeldt,990.22
Jason High,990.16
Pannie Kianzad,990.15
Jeremy Horn,990.1
Carlos Newton,990.05
Raulian Paiva,990.05
Alfonso Alcarez,990.0
Marco Beltran,990.0
James Te Huna,989.98
Makwan Amirkhani,989.92
Cat Zingano,989.71
Blagoy Ivanov,989.7
CJ Fernandes,989.42
Matt Schnell,989.06
Marcus Brimage,989.03
Levan Makashvili,989.03
Chris Leben,988.97
Marco Polo Reyes,988.82
Preston Parsons,988.59
Tarec Saffiedine,988.49
Nick Hein,988.44
Yuta Sasaki,988.38
Chris Gruetzemacher,988.01
Cole Miller,987.88
Bassil Hafez,987.88
Dongi Yang,987.86
Renzo Gracie,987.85
Maximo Blanco,987.85
Ron van Clief,987.67
Felice Herrig,987.66
Keith Jardine,987.53
Cody Brundage,987.53
Livinha Souza,987.46
Junior Tafa,987.46
Leandro Silva,987.41
Jake Rosholt,987.35
Tamdan McCrory,987.32
Denis Kang,987.09
Mads Burnell,987.09
James Toney,987.0
Daron Cruickshank,986.81
Akihiro Gono,986.69
Roman Bogatov,986.64
Augusto Mendes,986.58
Sheymon Moraes,986.46
Felipe Arantes,986.4
Jamall Emmers,986.16
Gil Castillo,986.12
Curt Warburton,986.0
Jason Day,985.95
Masanori Kanehara,985.86
Greg Hardy,985.51
Carlos Leal,985.4
Paul Taylor,985.35
Greg Soto,985.35
James Head,985.29
Peter Sobotta,985.25
Kalib Starnes,985.24
Neil Seery,985.23
Renato Verissimo,985.1
Ryan Jimmo,985.1
Warlley Alves,985.05
Gabriel Santos,985.04
John Cholish,984.85
David Bielkheden,984.84
Zachary Scroggin,984.81
Gabe Green,984.79
Jeremy Stephens,984.71
Bekzat Almakhan,984.69
Felipe dos Santos,984.66
Court McGee,984.62
Westin Wilson,984.6
Matt Veach,984.51
Zach Makovsky,984.45
Eduardo Garagorri,984.45
Alexander Munoz,984.45
Irwin Rivera,984.44
Jason Knight,984.43
Katsunori Kikuno,984.4
Roger Narvaez,984.4
KJ Noons,984.35
Mickael Lebout,984.34
Andre Pederneiras,984.28
Tristan Connelly,984.24
Chris Haseman,984.16
Devin Clark,984.07
Jeff Joslin,984.06
Aoriqileng,983.86
Heath Herring,983.76
Francisco Prado,983.74
Leandro Issa,983.67
Julian Sanchez,983.64
Bruno Santos,983.63
Maxim Grishin,983.62
Jonathan Brookins,983.55
Austen Lane,983.52
Yoshiyuki Yoshida,983.5
Mike Ricci,983.5
Klidson Abreu,983.47
Fabiano Iha,983.44
Minoki Ichihara,983.42
Adam Yandiev,983.4
Ian McCall,983.37
Jorge Patino,983.36
John Lober,983.35
Riki Fukuda,983.35
Junior Assuncao,983.34
Antonio Braga Neto,983.24
Charles McCarthy,983.22
Rameau Thierry Sokoudjou,983.22
Nathan Coy,983.21
Allen Crowder,983.2
Joe Soto,983.18
Tae Hyun Bang,983.14
Glaico Franca Moreira,983.09
Andre Ewell,983.06
Alexandre Barros,983.05
Reza Madadi,983.0
Lara Procopio,983.0
Josh Hendricks,982.98
Jose Johnson,982.92
Daniel Roberts,982.85
David Loiseau,982.82
Rory Markham,982.82
Robert Whiteford,982.82
Tony Sims,982.75
Patrick Cummins,982.74
Jerrod Sanders,982.72
Shannon Gugerty,982.69
Robert McDaniel,982.66
Chico Camus,982.63
Jason Brilz,982.59
Valmir Lazaro,982.5
Alexandre Ferreira,982.47
Henry Martinez,982.42
Carlo Pedersoli Jr.,982.42
Anthony Macias,982.39
Roberto Romero,982.37
Kyle Noke,982.33
Fatima Kline,982.29
Paul Creighton,982.26
Cristian Quinonez,982.24
Greg Stott,982.23
Rex Holman,982.23
Azunna Anyanwu,982.23
Callan Potter,982.21
Homer Moore,982.2
Ernest Chavez,982.19
Luke Zachrich,982.17
Steve Vigneault,982.16
Bethe Correia,982.16
Kron Gracie,982.15
Michinori Tanaka,982.13
Carlos Vera,982.09
Hayato Sakurai,982.08
Gilbert Urbina,982.05
Aaron Rosa,982.01
Felipe Bunes,982.01
Mitch Ramirez,981.94
Ian Entwistle,981.92
AJ Cunningham,981.9
John Gunderson,981.87
Cindy Dandois,981.87
Daniel Omielanczuk,981.84
Carlos Eduardo Rocha,981.83
Stephanie Egger,981.83
Austin Springer,981.75
Andrew Craig,981.74
Liliya Shakirova,981.74
Caolan Loughran,981.74
Luiz Cane,981.73
Joao Roque,981.69
Edgar Chairez,981.66
John Maguire,981.6
Chris Barnett,981.6
Yuki Kondo,981.56
Rudyard Moncayo,981.55
Brandon Melendez,981.52
Renan Barao,981.52
Kimo Leopoldo,981.46
Tom Gallicchio,981.45
Daichi Abe,981.42
Mike Wessel,981.4
Mason Jones,981.39
Jake Hecht,981.37
Jim Mullen,981.35
Ryan Parker,981.33
Danyelle Wolf,981.33
Hugo Duarte,981.31
Nick Agallar,981.3
Igor Zinoviev,981.28
Melton Bowen,981.22
Neil Wain,981.22
John Salter,981.22
Shamar Bailey,981.22
Yuki Sasaki,981.21
Bibulatov Magomed,981.2
Cal Worsham,981.19
Askar Mozharov,981.17
Yoshinori Horie,981.16
Scott Baker,981.15
Fred Ettish,981.15
Marcus Bossett,981.15
Joe Son,981.15
John Dowdy,981.15
Rainy Martinez,981.15
Frank Caracci,981.15
Adrian Serrano,981.15
Paul Rodriguez,981.15
John Marsh,981.15
Bill Mahood,981.15
Brian Gassaway,981.15
Mike Whitehead,981.15
Josh Shockman,981.15
Anton Kuivanen,981.15
Reginaldo Vieira,981.15
CM Punk,981.15
Mitch Raposo,981.15
Ozzy Diaz,981.15
Raphael Pessoa,981.14
Nikolay Veretennikov,981.14
Stewart Nicoll,981.14
Christian Aguilera,981.11
Ravena Oliveira,981.1
Marcelo Aguiar,981.09
Lucas Rocha,981.09
Koji Kitao,981.08
Keiichiro Yamamiya,981.08
Rob MacDonald,981.08
Toshiomi Kazama,981.08
Martin Sano,981.03
Zviad Lazishvili,981.03
Kamuela Kirk,981.01
Pete Rodriguez,981.0
Rafael Cerqueira,980.97
Sarah Kaufman,980.9
Drew McFedries,980.88
Christian Wellisch,980.86
Ben Sosoli,980.83
Rob Broughton,980.81
Caros Fodor,980.8
Juliana Lima,980.79
Philip De Fries,980.75
David Velasquez,980.58
Clifford Starks,980.54
Antonio McKee,980.53
Steve Bruno,980.49
Phil Johns,980.44
Vitor Miranda,980.44
Nick Roehrick,980.44
Batgerel Danaa,980.42
Hans Stringer,980.29
Joe Merritt,980.28
Reza Nasri,980.24
Pete Spratt,980.23
Matt Hobar,980.21
Austin Lingo,980.21
Niklas Backstrom,980.2
Kelly Dullanty,980.19
Eddie Ruiz,980.17
Miguel Baeza,980.17
Brok Weaver,980.17
Marcus LeVesseur,980.15
Francisco Trevino,980.15
Kit Cope,980.13
Issei Tamura,980.13
Nadia Kassem,980.13
Stevie Lynch,980.12
Willamy Freire,980.12
Cody McKenzie,980.11
Brian Cobb,980.1
Jeff Hougland,980.1
Branden Lee Hinkle,980.09
Derrick Noble,980.07
Jesse Sanders,980.07
Felipe Silva,980.07
Klaudia Sygula,980.07
Floyd Sword,980.06
Scott Junk,980.06
Augusto Montano,980.06
Ryan Madigan,980.01
Heather Clark,980.01
Teila Tuli,980.0
Kevin Rosier,980.0
Art Jimmerson,980.0
Sean Daugherty,980.0
David Levicki,980.0
Thaddeus Luster,980.0
Robert Lucarelli,980.0
Alberta Cerra Leon,980.0
Emmanuel Yarborough,980.0
Roland Payne,980.0
Eldo Xavier Dias,980.0
Jason Fairn,980.0
Asbel Cancio,980.0
Andy Anderson,980.0
Ernie Verdicia,980.0
Jack McGlaughlin,980.0
John Matua,980.0
Francesco Maturi,980.0
David Hood,980.0
Gerry Harris,980.0
Keith Mielke,980.0
Thomas Ramirez,980.0
Paul Herrera,980.0
Matt Andersen,980.0
Scott Fiedler,980.0
Dave Berry,980.0
Fabio Gurgel,980.0
Jackie Lee,980.0
Eric Martin,980.0
Wallid Ismail,980.0
Wes Albritton,980.0
Dmitri Stepanov,980.0
Tony Halme,980.0
Donnie Chappell,980.0
Todd Butler,980.0
Houston Dorr,980.0
Marcus Silveira,980.0
Josh Stuart,980.0
Courtney Turner,980.0
Eugenio Tadeu,980.0
Noe Hernandez,980.0
Allan Goes,980.0
Bob Gilstrap,980.0
Joe Pardo,980.0
Paulo Santos,980.0
Adriano Santos,980.0
Darrel Gholar,980.0
Joey Roberts,980.0
Chris Condo,980.0
David Roberts,980.0
Flavio Luiz Moura,980.0
Lowell Anderson,980.0
Masutatsu Yano,980.0
Jermaine Andre,980.0
Alex Stiebling,980.0
Aaron Brink,980.0
Joey Gilbert,980.0
Rodrigo Ruas,980.0
Zach Light,980.0
Nick Serra,980.0
James Zikic,980.0
Leigh Remedios,980.0
Richard Crunkilton,980.0
Romie Aram,980.0
Gerald Strebendt,980.0
Wade Shipp,980.0
Josh Rafferty,980.0
Alex Schoenauer,980.0
Lodune Sincaid,980.0
Chris Sanford,980.0
Jason Thacker,980.0
Bobby Southworth,980.0
Keigo Kunihara,980.0
Sean Gannon,980.0
Kerry Schall,980.0
Icho Larenas,980.0
Joe Jordan,980.0
Kristof Midoux,980.0
Cory Walmsley,980.0
Mario Neto,980.0
Justin James,980.0
Sherman Pendergarst,980.0
Steve Byrnes,980.0
Andy Wang,980.0
Dorian Price,980.0
John Kolosci,980.0
Richie Hightower,980.0
Dan Barrera,980.0
Billy Miles,980.0
Jared Rollins,980.0
Dante Rivera,980.0
James Giboo,980.0
Cale Yarbrough,980.0
David Baron,980.0
John Polakowski,980.0
Jules Bruchez,980.0
Shane Primm,980.0
Tom Egan,980.0
Derek Downey,980.0
Neil Grove,980.0
Tim McKenzie,980.0
Frank Lester,980.0
Danillo Villefort,980.0
Justin Wren,980.0
Darrill Schoonover,980.0
Marcus Jones,980.0
Rolles Gracie,980.0
James Hammortree,980.0
Josh Bryant,980.0
Jamie Yager,980.0
Vinicius Queiroz,980.0
Mark Scanlon,980.0
Fredson Paixao,980.0
Sako Chivitchian,980.0
Tyler Toner,980.0
Aaron Wilkinson,980.0
Antonio Banuelos,980.0
Ryan McGillivray,980.0
Chuck O'Neil,980.0
Dustin Neace,980.0
Stephen Bass,980.0
Chris Saunders,980.0
Chris Tickle,980.0
Marcos Vinicius,980.0
Wagner Campos,980.0
John Teixeira,980.0
Delson Heleno,980.0
Anistavio Medeiros,980.0
Brendan Loughnane,980.0
Manuel Rodriguez,980.0
Jon Manley,980.0
Chris Spang,980.0
Adam Cella,980.0
Jimmy Quinlan,980.0
Collin Hart,980.0
Gilbert Smith,980.0
Roger Gracie,980.0
Nandor Guelmino,980.0
Peggy Morgan,980.0
Dave Galera,980.0
Albert Cheng,980.0
Keith Berish,980.0
Daniel Spohn,980.0
Tina Lahdemaki,980.0
Mike King,980.0
Jianping Yang,980.0
Rodolfo Rubio Perez,980.0
Humberto Brown Morrison,980.0
Alex Torres,980.0
Bentley Syler,980.0
Rocky Lee,980.0
Izabela Badurek,980.0
Nazareno Malegarie,980.0
Bruno Korea,980.0
Vernon Ramos Ho,980.0
Abner Lloveras,980.0
Marcin Wrzosek,980.0
Martin Svensson,980.0
Cory Hendricks,980.0
James Mulheron,980.0
Bharat Kandare,980.0
Ariel Beck,980.0
Karine Gevorgyan,980.0
Christina Marks,980.0
Maia Stevenson,980.0
Tyler Diamond,980.0
Allan Zuniga,980.0
Richie Smullen,980.0
Jay Cucciniello,980.0
Joe Giannetti,980.0
Michel Batista,980.0
Justin Frazier,980.0
Alex Gorgees,980.0
Duda Santana,980.0
Steven Koslow,980.0
SeungGuk Choi,980.0
Hailey Cowan,980.0
Manolo Zecchini,980.0
Abdul-Kareem Al-Selwady,980.0
Benardo Sopaj,980.0
Igor Severino,980.0
Pedro Falcao,980.0
Ernesta Kareckaite,980.0
Tuco Tokkos,980.0
Kaan Ofli,980.0
Robert Valentin,980.0
Zygimantas Ramaska,980.0
Jose Ochoa,980.0
Feng Xiaocan,980.0
Kiru Sahota,980.0
Baergeng Jieleyisi,980.0
Sean McCorkle,979.99
Jose Daniel Medina,979.99
Will Chope,979.98
John Campetella,979.93
Ryan Roberts,979.93
Dale Hartt,979.93
Mike Jackson,979.93
Cole Smith,979.91
Luis Pajuelo,979.88
Jeff Newton,979.87
Carlo Prater,979.87
Cortavious Romious,979.87
Rick Davis,979.86
Mark Weir,979.83
Seth Baczynski,979.78
Cyril Asker,979.76
Duane Ludwig,979.73
Jake Hadley,979.66
Deron Winn,979.63
Braxton Smith,979.62
Andrew Holbrook,979.59
George Sullivan,979.58
Carlos Mota,979.54
Garrett Armfield,979.53
Jon Tuck,979.48
Satoshi Honma,979.32
Nissen Osterneck,979.29
Hector Urbina,979.28
Gabriel Miranda,979.28
Roosevelt Roberts,979.27
Ivan Salaverry,979.26
Rogerio Bontorin,979.22
Joseph Morales,979.19
Per Eklund,979.13
Lucas Alexander,979.12
Danielle Taylor,979.1
Rolando Delgado,979.09
Simeon Thoresen,979.09
Spike Carlyle,979.09
Jordan Vucenic,979.09
Solomon Hutcherson,979.08
Stanislav Nedkov,979.07
Kanako Murata,979.07
Max Rohskopf,979.06
Alex Andrade,979.05
Carlos Barreto,979.04
Tony Petarra,979.04
Lewis Gonzalez,979.04
Khusein Askhabov,979.04
Jimmy Flick,979.03
Jess Liaudin,978.99
Paul Georgieff,978.99
Nick Pace,978.99
Allen Berube,978.98
Maciej Jewtuszko,978.98
Masio Fullen,978.97
Angel Pacheco,978.97
Ronald Jhun,978.96
Nick Osipczak,978.95
Eddie Mendez,978.95
Jeka Saragih,978.95
Jim Alers,978.94
Joshua Weems,978.93
Harold Howard,978.92
Dieusel Berto,978.92
Matt Arroyo,978.92
Ivan Serati,978.92
James McSweeney,978.92
Ben Alloway,978.92
Sheldon Westcott,978.92
David Michaud,978.92
Guilherme Vasconcelos,978.92
Chris Brennan,978.91
Brian Geraghty,978.9
Ron Stallings,978.9
Nyamjargal Tumendemberel,978.9
Adam Milstead,978.89
Charlie Valencia,978.87
Yuri Vaulin,978.86
Ray Wizard,978.85
He-Man Gipson,978.85
Nate Schroeder,978.85
Sean Alvarez,978.85
Kristian Rothaermel,978.85
Bubba Bush,978.85
Roger Zapata,978.85
Dean Barry,978.85
Matt Lucas,978.84
Hyun Gyu Lim,978.84
Shunichi Shimizu,978.84
Emily Ducote,978.81
Milana Dudieva,978.79
Filip Pejic,978.79
Saeed Hosseini,978.78
Chris Liguori,978.77
Sabina Mazo,978.77
James Lee,978.75
Robert Sanchez,978.74
Justin Lawrence,978.72
Justin Salas,978.7
Matthew Semelsberger,978.67
Chris Cope,978.55
Ivan Erslan,978.48
David Heath,978.45
Misha Cirkunov,978.44
Maheshate,978.39
Johnny Bedford,978.34
Matthew Lopez,978.34
Jason Von Flue,978.26
Rodrigo Damm,978.21
Robert Bryczek,978.18
Chris Camozzi,978.13
Marcel Fortuna,978.13
CJ Vergara,978.1
Sam Hoger,978.08
Kevin Casey,978.08
Clay Harvison,978.04
Ricardo Romero,978.02
Sean Sharaf,978.02
Felipe Olivieri,978.01
Geraldo de Freitas,977.95
Jesse Lennox,977.9
Erick Montano,977.9
Yan Cabral,977.85
Orion Cosce,977.85
Connor Matthews,977.85
Alex Karalexis,977.84
Ian Loveland,977.83
Isabela de Padua,977.83
Luke Cummo,977.8
Walt Harris,977.78
Cameron Dollar,977.71
Carli Judice,977.71
Joao Pierini,977.68
Jake Ellenberger,977.66
Steven Nguyen,977.66
Robelis Despaigne,977.47
Dustin Kimura,977.46
Sasha Palatnikov,977.46
Ivana Petrovic,977.4
Mike Easton,977.39
Trevor Peek,977.38
Pawel Pawlak,977.28
Thiago Perpetuo,977.18
Poliana Botelho,977.07
Brian Kelleher,977.05
Jamie Moyle,976.97
Dustin Stoltzfus,976.96
Eugene Jackson,976.93
Ivan Menjivar,976.91
Oskar Piechota,976.85
Khama Worthy,976.82
Sung Bin Jo,976.77
Tom Blackledge,976.74
Chad Anheliger,976.72
Josh Stansbury,976.68
Omar Morales,976.61
Manvel Gamburyan,976.59
Justine Kish,976.57
Hacran Dias,976.56
Cynthia Calvillo,976.46
Mandy Bohm,976.26
Juliana Miller,976.22
William Knight,976.16
Josh Culibao,976.14
Abu Azaitar,975.93
Blake Bilder,975.93
Caol Uno,975.83
Sumudaerji,975.74
Corey Hill,975.73
Joe Riggs,975.67
Kevin Burns,975.66
Luan Chagas,975.5
Dan Miller,975.42
Trevor Smith,974.99
Jorge Gurgel,974.92
Yui Chul Nam,974.9
Cody Gibson,974.53
Rob Kimmons,974.51
Kyle Kingsbury,974.47
Guido Cannetti,974.39
Ben Saunders,974.19
Dylan Andrews,973.94
Emil Meek,973.68
Mike Brown,973.46
Mark Hominick,973.39
Dhiego Lima,973.31
Darren Stewart,973.09
Bojan Velickovic,973.03
Justin Scoggins,972.98
Gabriel Benitez,972.98
Chris Beal,972.87
Christos Giagos,972.77
Will Brooks,972.69
Louis Smolka,972.41
Tyson Nam,972.13
Tim Lajcik,972.02
Marcin Prachnio,971.99
Marcin Held,971.9
Brian Johnston,971.8
Yves Edwards,971.61
Darrick Minner,971.61
Justin Ledet,971.24
Sam Stout,971.15
Priscila Cachoeira,971.11
Travis Lutter,970.96
Craig White,970.76
Melinda Fabian,970.63
Jack Marshman,970.49
Mike de la Torre,970.46
SeungWoo Choi,970.4
Anthony Perosh,970.27
Julian Marquez,969.93
Russell Doane,969.62
Milton Vieira,969.45
Luke Sanders,969.41
James Irvin,969.23
Anthony Njokuani,969.22
Rafael Alves,969.02
Austin Hubbard,968.75
DaMarques Johnson,968.65
Kyle Daukaus,968.61
Mario Miranda,968.49
Francisco Rivera,968.45
Daniel Sarafian,968.33
Mike Breeden,968.25
Ray Rodriguez,968.24
Papy Abedi,968.11
Eric Shelton,968.09
AJ Fletcher,968.04
James Moontasri,968.0
Ryo Chonan,967.84
Isaac Vallie-Flagg,967.84
Derrick Krantz,967.84
Hatsu Hioki,967.74
TJ Brown,967.7
Shane Roller,967.66
Lucio Linhares,967.45
Piotr Hallmann,967.43
Darrell Horcher,967.39
Pat Barry,967.37
Dwight Grant,967.32
Kuniyoshi Hironaka,967.28
Goran Reljic,967.14
Felipe Colares,967.09
Leonardo Mafra,967.01
Chris Wilson,967.0
Saparbeg Safarov,966.67
Jason Dent,966.6
Karl Roberson,966.48
Mark Striegl,966.37
Koji Oishi,966.36
Christian Morecraft,966.33
Alvin Robinson,966.19
Kai Kamaka,966.19
Jessica-Rose Clark,966.12
Carmelo Marrero,966.05
Efrain Escudero,965.99
Geane Herrera,965.91
Brandon Thatch,965.85
Vanessa Melo,965.83
Alex Da Silva,965.8
Justin Eilers,965.75
Ross Pearson,965.7
Don Shainis,965.66
Alex Nicholson,965.6
Yanis Ghemmouri,965.57
Elizabeth Phillips,965.52
Justin Levens,965.5
Sam Sicilia,965.43
Michael McBride,965.39
Kevin Aguilar,965.38
Frankie Perez,965.37
Reese Andy,965.31
Carlos Huachin,965.31
Alberto Crane,965.28
Mehdi Baghdad,965.28
Wagner Prado,965.27
Amar Suloev,965.24
Jason Gonzalez,965.2
Jason MacDonald,965.13
Jon Delos Reyes,965.1
Quang Le,965.1
Louis Gaudinot,965.09
Luigi Vendramini,965.05
Bobby Moffett,965.03
Terry Martin,965.02
Johnny Eduardo,965.02
Chad Griggs,964.98
TJ O'Brien,964.94
Renee Forte,964.94
Clay Collard,964.94
Jason Witt,964.87
Brad Scott,964.8
Akbarh Arreola,964.75
Randa Markos,964.74
Dylan Budka,964.71
Jon Olav Einemo,964.68
Ricky Glenn,964.66
Josh Fremd,964.66
Danny Martinez,964.61
Keita Nakamura,964.59
Mickey Gall,964.59
Marcus Aurelio,964.5
Chris Fishgold,964.5
Anderson Dos Santos,964.49
Antonio Mendes,964.48
Bart Palaszewski,964.47
Vagner Rocha,964.46
Sean Salmon,964.45
Kazula Vargas,964.4
Josh Copeland,964.38
Jason Novelli,964.37
Nohelin Hernandez,964.35
Dennis Buzukja,964.34
Jesse Butler,964.33
Cole Williams,964.3
AJ Dobson,964.29
Quinn Mulhern,964.28
Shayna Baszler,964.27
Rostem Akman,964.2
Oliver Enkamp,964.17
Vaughan Lee,964.14
Yaotzin Meza,964.13
Alexander Yakovlev,964.11
Bobby Hoffman,964.1
Sarah Frota,964.03
Stefan Sekulic,964.0
Polyana Viana,963.97
Jamey Simmons,963.97
Alex White,963.91
Jarno Errens,963.9
Sean Spencer,963.86
Kleydson Rodrigues,963.84
Dan Argueta,963.84
Gaetano Pirrello,963.83
Jeremy Kimball,963.8
Fernando Bruno,963.76
Dokonjonosuke Mishima,963.61
Austin Arnett,963.6
Brandon Wolff,963.57
Mike Grundy,963.57
Joey Gambino,963.51
Tim Williams,963.51
Mats Nilsson,963.5
TJ Laramie,963.5
Joachim Christensen,963.49
Jason Tan,963.47
Crafton Wallace,963.44
Bevon Lewis,963.43
Byron Bloodworth,963.42
Roger Hollett,963.41
Lando Vannata,963.39
Brandon Jenkins,963.39
Christophe Leninger,963.36
Andre Gusmao,963.36
Josh Ferguson,963.36
Landon Quinones,963.35
Chris Tuchscherer,963.3
Chad Reiner,963.27
Teemu Packalen,963.26
Juancamilo Ronderos,963.25
Shanna Young,963.21
Yao Zhikui,963.2
Andre Winner,963.19
Cristiano Marcello,963.19
Pete Williams,963.17
Mike Rio,963.17
Josh Clopton,963.12
Doug Evans,963.11
Terrence Mitchell,963.11
Luis Ramos,963.1
Peter Barrett,963.07
Liudvik Sholinian,963.04
Michael Patt,963.02
Dong Hyun Ma,963.0
Ryan Couture,962.95
Phil Harris,962.92
John Allan,962.9
Alptekin Ozkilic,962.87
Takenori Sato,962.85
Amilcar Alves,962.83
Alex Ricci,962.82
Mike Guymon,962.81
Jay Silva,962.73
Erik Silva,962.73
Gabriel Silva,962.65
Dan Evensen,962.62
Edwin Figueroa,962.6
Matt Sayles,962.59
Willie Gates,962.58
Talita Bernardo,962.57
Pat Audinwood,962.54
Shane del Rosario,962.52
Matt Dwyer,962.47
Brock Jardine,962.46
Ednaldo Oliveira,962.45
Devin Powell,962.45
Steve Lopez,962.43
Kazuhiro Nakamura,962.41
Ramiro Hernandez,962.39
Chris Heatherly,962.39
Jordan Radev,962.38
Gilbert Aldana,962.37
Wagner Silva,962.36
Tim Gorman,962.35
Mariya Agapova,962.35
Paul Redmond,962.34
Eiji Mitsuoka,962.32
Anthony Birchak,962.32
Jesse Strader,962.32
Kevin Jordan,962.3
William Macario,962.3
Steve Berger,962.29
Ryan Thomas,962.29
Denis Stojnic,962.29
Azamat Gashimov,962.29
Jessica Rakoczy,962.29
Alessio Sakara,962.27
Rolando Dy,962.27
Larissa Pacheco,962.24
Steve Montgomery,962.24
Valeri Ignatov,962.23
Fabiano Scherner,962.23
Yusuke Kasuya,962.23
Pearl Gonzalez,962.23
Lauren Mueller,962.23
Te Edwards,962.23
Hector Ramirez,962.22
Joey Gomez,962.22
Gasan Umalatov,962.21
Roman Salazar,962.21
Louis Cosce,962.2
Carl Deaton,962.19
Anthony Christodoulou,962.18
Harry Moskowitz,962.17
Paul Bradley,962.16
Steven Peterson,962.15
Kyle Bradley,962.14
Yoshihiro Akiyama,962.14
Edward Faaloloto,962.14
Jose Maria,962.13
Colton Smith,962.12
Patrick Williams,962.12
Val Woodburn,962.12
John Halverson,962.11
Enrique Marin,962.1
Alex Soto,962.09
Luan Lacerda,962.08
Bruno Souza,962.07
Yosdenis Cedeno,962.04
Claudio Ribeiro,962.04
Brendon Marotte,962.04
Yasuhiro Urushitani,962.03
Kris Moutinho,962.03
Jorge Lopez,962.01
Ricky Rainey,962.01
Michel Quinones,962.0
Collin Anglin,962.0
Matt Bessette,961.97
Damian Stasiak,961.95
Joao Zeferino,961.93
Kyle Prepolec,961.93
KB Bhullar,961.93
Frank Trigg,961.91
Scott Askham,961.91
Richard Walsh,961.88
Richardson Moreira,961.86
Jason Godsey,961.84
Travis Wiuff,961.77
Guto Inocente,961.76
Horacio Gutierrez,961.76
Julio Paulino,961.73
Rongzhu,961.73
Domingo Pilarte,961.7
Danny Downes,961.69
Joseph Gigliotti,961.69
Johnny Munoz,961.69
Anthony Ivy,961.67
Zarrukh Adashev,961.66
Jason Young,961.63
Rob Wilkinson,961.59
Karlos Vemola,961.54
Jack May,961.54
Tom Niinimaki,961.52
Juan Manuel Puig,961.48
Jordan Espinosa,961.48
Tucker Lutz,961.47
Alexandre Dantas,961.46
Mike Stumpf,961.43
Jessin Ayari,961.43
Brian Houston,961.42
Antonio Trocoli,961.42
CJ Keith,961.32
Matt Horwich,961.3
Andreas Stahl,961.27
Thomas Gifford,961.27
Jeff Cox,961.26
George Roop,961.25
Kazuki Tokudome,961.25
Andreas Michailidis,961.25
Saimon Oliveira,961.25
Rashad Coulter,961.24
Chris Dempsey,961.23
Townsend Saunders,961.22
Jeremy Jackson,961.22
Edilberto de Oliveira,961.21
Danny Mitchell,961.21
Marc-Andre Barriault,961.2
Montserrat Conejo Ruiz,961.2
Jin Soo Son,961.19
Oli Thompson,961.16
Mark Eddiva,961.16
Trent Jenkins,961.15
Larry Cureton,961.15
Moti Horenstein,961.15
Royce Alger,961.15
Curtis Stout,961.15
Sammy Morgan,961.15
Joe Veres,961.15
Brad Morris,961.15
Mike Lullo,961.15
Joseph Sandoval,961.15
Dan Stittgen,961.15
John Cofer,961.15
Bristol Marunde,961.15
Sheila Gaff,961.15
Julie Kedzie,961.15
Luiz Dutra,961.15
Alan Omer,961.15
Alexis Dufresne,961.15
JC Cottrell,961.15
Charlie Ward,961.15
Carls John De Tomas,961.15
Aalon Cruz,961.15
Kiefer Crosbie,961.15
Kevin Borjas,961.15
Rayanne dos Santos,961.15
Brendson Ribeiro,961.15
Ben Wall,961.14
Cody Pfister,961.14
Justin Jones,961.1
Chris de la Rocha,961.1
Ansar Chalangov,961.09
Tateki Matsuda,961.09
Marcin Bandel,961.09
Jason Black,961.08
Tor Troeng,961.08
Ericka Almeida,961.08
Damien Brown,961.07
Gadzhi Omargadzhiev,961.05
Anna Elmose,961.02
Victor Martinez,961.0
Brendan O'Reilly,960.97
Josh Shockley,960.96
Tommy Speer,960.91
Victor Valimaki,960.89
Josh Sampo,960.86
Laureano Staropoli,960.83
Humberto Bandenay,960.81
Joe Brammer,960.78
Konstantin Erokhin,960.76
Carlton Minus,960.74
Ashkan Mokhtarian,960.72
Sarah Alpar,960.71
Nick Fiore,960.71
Jonavin Webb,960.7
Herbert Burns,960.69
Brodie Farber,960.65
Houston Alexander,960.64
Silvana Gomez Juarez,960.61
Shana Dobson,960.58
Nick Penner,960.57
Roger Bowling,960.55
Luis Henrique,960.55
Cameron VanCamp,960.46
Yohan Lainesse,960.39
Dakota Bush,960.37
Reuben Duran,960.27
Timmy Cuamba,960.23
Hernani Perpetuo,960.22
Pat Schilling,960.19
Dashon Johnson,960.19
Victor Rodriguez,960.19
Nick Aguirre,960.17
Rob Yundt,960.16
Zhang Tiequan,960.15
David Dodd,960.14
Dileno Lopes,960.14
Wendell Oliveira Marques,960.13
Danilo Belluardo,960.13
Kay Hansen,960.13
Yusaku Kinoshita,960.13
Vince Cachero,960.12
Rodrigo de Lima,960.09
Eddie Gordon,960.09
Danny Abbadi,960.08
Colin Robinson,960.08
Joe Vedepo,960.08
Chase Gormley,960.08
Bernardo Magalhaes,960.08
Sam Fulton,960.07
Nolan Ticman,960.07
Seo Hee Ham,960.07
Cesar Arzamendia,960.07
Chan-Mi Jeon,960.07
James Bochnovic,960.07
Marnic Mann,960.07
Wes Combs,960.06
Ronys Torres,960.06
Ulysses Gomez,960.06
Leo Kuntz,960.06
Leonardo Guimaraes,960.06
Alberto Uda,960.02
Zane Frazier,960.0
Steve Judson,960.0
Chris Price,960.0
Razak Al-Hassan,960.0
David Kaplan,960.0
Mark Holst,960.0
Donny Walker,960.0
Colin Fletcher,960.0
Chris Indich,960.0
Shane Howell,960.0
Leonardo Morales,960.0
Lisa Ellis,960.0
Hayder Hassan,960.0
Jacob Kilburn,960.0
Brogan Walker,960.0
Yuri Villefort,959.98
Syuri Kondo,959.98
Johnny Rees,959.96
Elias Garcia,959.96
Vik Grujic,959.95
Anton Zafir,959.95
Carlos Candelario,959.94
David Lee,959.93
Rosi Sexton,959.93
Micheal Gillmore,959.92
Joseph Holmes,959.92
Tommy Hayden,959.85
Marcos Mariano,959.85
Cameron Else,959.85
Dave Menne,959.82
Mohammad Yahya,959.8
Tom DeBlass,959.79
Michael Kuiper,959.75
Josh Neer,959.72
Kaynan Kruschewsky,959.71
Ryan MacDonald,959.65
Jim Wallhead,959.61
Paulo Thiago,959.48
Michal Figlak,959.34
Gloria de Paula,959.27
Ode Osbourne,959.25
Jonathan Wilson,959.23
Samy Schiavo,959.2
Todd Brown,959.2
Anthony Lapsley,959.2
Besam Yousef,959.16
Kyle Stewart,959.14
Eric Wisely,959.13
Maria Oliveira,959.12
Rin Nakai,959.11
Cain Carrizosa,959.09
Yizha,959.09
Ali AlQaisi,959.03
David Abbott,959.02
Richie Vaculik,959.01
Kwan Ho Kwak,959.01
Jorge de Oliveira,958.98
Nate Mohr,958.97
Xavier Foupa-Pokam,958.97
Motonobu Tezuka,958.97
Cristina Stanciu,958.96
Kelly Faszholz,958.93
Daniel Jolly,958.92
Suman Mokhtarian,958.91
Juan Adams,958.9
Ross Pointon,958.87
Matt Van Buren,958.87
Luke Caudillo,958.85
Emily Kagan,958.85
Chris Avila,958.85
Ihor Potieria,958.82
Boston Salmon,958.81
Gadzhimurad Antigulov,958.78
Alice Ardelean,958.78
Rachael Ostovich,958.68
Grigory Popov,958.56
Daniel Pineda,958.52
Yorgan De Castro,958.49
Josh Quinlan,958.47
Aleksa Camur,958.33
Yoislandy Izquierdo,958.28
Antonio Dos Santos,958.28
Steve Kennedy,958.27
Charles Byrd,958.27
Darko Stosic,958.14
Randy Costa,958.09
Zac Pauga,958.09
Walel Watson,958.07
Steve Steinbeiss,958.04
Drako Rodriguez,958.03
Dusko Todorovic,958.02
Cody Donovan,957.99
Emily Whitmire,957.99
Mallory Martin,957.96
Roldan Sangcha'an,957.95
Cortney Casey,957.95
David Zawada,957.93
Scott Smith,957.92
Amanda Cooper,957.89
Marcelo Golm,957.8
Tamires Vidal,957.79
Jessamyn Duke,957.77
Charalampos Grigoriou,957.67
Kurt Holobaugh,957.6
Daniel Spitz,957.33
Martin Bravo,957.32
Henrique da Silva,957.24
Eddie Wineland,957.05
Cody East,957.02
Alvaro Herrera Mendoza,956.97
Barb Honchak,956.88
Vince Morales,956.81
Liana Jojua,956.8
Jason Gilliam,956.6
Michelle Waterson-Gomez,956.57
Victor Altamirano,956.54
Jenel Lausa,956.42
Miranda Granger,956.28
Andre Fialho,956.22
Artem Lobov,956.07
Tafon Nchukwi,955.94
Aaron Riley,955.68
Rafael Cavalcante,955.24
Jamie Varner,954.69
Wellington Turman,953.87
Mac Danzig,953.6
Jared Gooden,953.43
Lukasz Brzeski,953.43
Vinny Magalhaes,953.09
Teruto Ishihara,953.06
David Mitchell,952.74
Charles Rosa,952.52
Elvis Mutapcic,951.88
Christian Colombo,951.82
Jason Miller,951.65
Lina Lansberg,951.59
Marion Reneau,951.27
Pete Sell,951.24
Dominic Waters,950.95
Kamal Shalorus,950.81
Takashi Sato,950.74
Tom Watson,950.34
Marvin Eastman,950.32
Junior Albini,950.14
Eric Schafer,950.05
Jordan Griffin,950.03
Antonio Silva,950.02
Mitch Clarke,949.98
Sean O'Connell,949.98
Andre Soukhamthath,949.94
Dave Herman,949.76
Tra Telligman,949.57
Mike Massenzio,949.41
Kyle Bochniak,949.26
Alessio Di Chirico,948.84
Jessica Penne,948.82
Kevin Croom,948.79
Gilbert Yvel,948.54
Daniel Teymur,948.54
Malcolm Gordon,948.41
Assuerio Silva,948.37
Trevin Jones,948.37
Wes Sims,948.28
Henry Briones,948.24
Dan Lauzon,948.19
Journey Newson,948.19
Shane Campbell,947.94
Matt Grice,947.87
Dominique Steele,947.65
Victoria Leonardo,947.41
Sabah Homasi,947.4
Roxanne Modafferi,947.27
Fabricio Camoes,947.11
Mike Rodriguez,947.06
Khalid Taha,947.03
Diana Belbita,947.02
Tim Hague,946.78
Andrea Lee,946.75
Kris McCray,946.46
Mateus Mendonca,946.45
Erick Gonzalez,946.43
Brian Camozzi,946.34
Vinicius Salvador,946.25
Charlie Brenneman,946.06
Mostapha Al-Turk,946.01
Justin Edwards,946.0
Edwin DeWees,945.8
Charlie Ontiveros,945.77
Alex Reyes,945.57
Felix Lee Mitchell,945.52
Tonya Evinger,945.42
Rolando Bedoya,945.42
Alex Chambers,945.41
Darrius Flowers,945.4
Lukasz Sajewski,945.36
Viktor Pesta,945.33
Justin Buchholz,945.31
Garreth McLellan,945.3
Hannah Goldy,945.26
Salim Touahri,945.25
Ryan Benoit,945.24
Eric Spicely,945.22
Darrell Montague,945.18
Marcelo Rojo,945.17
Gabe Ruediger,945.09
Marcio Alexandre Junior,945.09
Jessica Aguilar,945.06
Bobby Nash,945.05
Jordan Williams,944.91
Bec Rawlings,944.86
Rodney Wallace,944.7
Oluwale Bamgbose,944.6
Jason Reinhardt,944.52
Ruan Potts,944.52
Jeff Hughes,944.44
Andy Enz,944.4
Hector Lombard,944.37
Bojan Mihajlovic,944.34
Mike Rhodes,944.29
Hector Aldana,944.29
Jared Hamman,944.08
Markus Perez,944.07
Alan Baudot,944.07
Caio Machado,943.99
Dan Moret,943.96
Julija Stoliarenko,943.8
Estevan Payan,943.69
Yoji Anjo,943.53
Darian Weeks,943.46
Blood Diamond,943.45
Ramona Pascual,943.45
Josh Haynes,943.43
Kevin Natividad,943.34
Gideon Ray,943.31
Harry Hunsucker,943.3
Justin Jaynes,943.28
Shane Young,943.15
Jessica Eye,943.11
Jumabieke Tuerxun,943.11
Damian Grabowski,943.09
James Llontop,943.09
Josh Parisian,943.0
Ashlee Evans-Smith,942.73
Niklas Stolze,942.72
Denys Bondar,942.52
Jeremy Larsen,942.46
Shannon Ross,942.46
Jay Perrin,942.44
Jeff Curran,942.41
Brad Imes,942.36
Fabio Cherant,942.35
Iliarde Santos,942.32
Jake Lindsey,942.29
Antonio Arroyo,942.26
Angela Magana,942.24
Norifumi Yamamoto,942.23
Jared Papazian,942.23
John Albert,942.18
Jocelyn Jones-Lybarger,942.15
Daiju Takase,942.08
Sarah Moras,942.08
Zelim Imadaev,941.76
Diego Saraiva,941.48
Mike Santiago,941.39
Joby Sanchez,941.38
Forrest Petz,941.3
Cole Escovedo,941.15
Garett Whiteley,941.15
Joey Beltran,941.11
Mara Romero Borella,941.06
Albert Morales,940.99
Mark De La Rosa,940.94
Genaro Valdez,940.66
Wulijiburen,940.21
Damacio Page,940.19
Roque Martinez,940.12
Rafaello Oliveira,940.04
Hu Yaozong,940.03
Dmitrii Smoliakov,940.0
Kalindra Faria,939.77
Jesse Forbes,939.52
Dalcha Lungiambula,939.42
Hannah Cifers,938.99
Frank Camacho,938.86
Brad Pickett,938.6
Jordan Wright,938.11
Nam Phan,937.86
Mizuto Hirota,937.56
Takanori Gomi,937.35
Ryan Jensen,936.38
Gilbert Melendez,936.33
Gian Villante,935.44
Phil Baroni,934.83
Jorge Santiago,934.71
Thibault Gouti,934.13
Jake Collier,933.67
Jay Hieron,931.88
Denis Tiuliulin,930.91
Igor Pokrajac,930.87
Gina Mazany,929.23
Anton Turkalj,929.13
Anthony Hamilton,929.11
Ricardo Funch,929.0
John Phillips,928.99
Rhys McKee,928.53
Zarah Fairn,928.05
Dustin Pague,927.77
Will Campuzano,927.72
Khadis Ibragimov,927.6
Joe Doerksen,927.2
Jinh Yu Frey,926.95
Seth Petruzelli,926.61
Tiki Ghosn,926.49
JP Buys,926.29
Aaron Phillips,925.63
Sam Alvey,925.61
Keith Wisniewski,925.29
Bobby Voelker,925.2
Edgar Garcia,925.18
Istela Nunes,924.88
Fernie Garcia,924.86
Scott Jorgensen,924.76
Maki Pitolo,924.76
Martin Day,924.68
Dequan Townsend,924.65
Terrion Ware,924.39
Andy Ogle,924.1
Wu Yanan,923.93
Alen Amedovski,923.92
Josh Grispi,923.6
Liang Na,923.58
Jodie Esquibel,922.86
Jerome Rivera,922.78
Vinicius Moreira,922.72
Steve Cantwell,922.71
Ike Villanueva,922.63
Elvis Sinosic,922.19
Pat Healy,921.91
Brandon Davis,920.99
Ji Yeon Kim,920.95
Phillipe Nover,919.36
John Alessio,918.19
Ashley Yoder,916.5
Michihiro Omigawa,915.17
Lucie Pudilova,914.52
Jared Vanderaa,913.11
Kailin Curran,912.73
Naoyuki Kotani,912.15
Zhalgas Zhumagulov,911.36
Jamie Pickett,910.15
Leonard Garcia,909.93
Jesse Ronson,909.64
Sean Soriano,909.47
Daniel Lacerda,908.51
Joshua Burkman,902.86
Chase Sherman,899.94
