Fighter,Peak Elo
Islam Makhachev,2202.99
Jon Jones,2159.03
Kamaru Usman,2152.15
Leon Edwards,2143.7
Belal Muhammad,2103.94
Francis Ngannou,2098.37
Khabib Nurmagomedov,2081.47
Stipe Miocic,2079.52
Daniel Cormier,2074.74
Georges St-Pierre,2071.26
Alexander Volkanovski,2063.87
Charles Oliveira,2045.68
Aljamain Sterling,2044.16
Israel Adesanya,2022.9
Ilia Topuria,2021.48
Max Holloway,2014.85
Dricus Du Plessis,1999.56
Robert Whittaker,1980.13
Merab Dvalishvili,1980.11
Tyron Woodley,1968.6
Alex Pereira,1963.68
Magomed Ankalaev,1957.96
Dustin Poirier,1955.28
Jan Blachowicz,1951.83
Chris Weidman,1950.43
Justin Gaethje,1935.33
Glover Teixeira,1932.57
Tony Ferguson,1929.07
Khamzat Chimaev,1927.18
Anderson Silva,1910.11
Sean Brady,1908.39
Henry Cejudo,1903.16
Rafael Dos Anjos,1897.16
Ciryl Gane,1892.29
Tom Aspinall,1885.86
Colby Covington,1873.77
Shavkat Rakhmonov,1867.33
Robbie Lawler,1858.33
Yoel Romero,1855.67
Sean O'Malley,1849.8
Nassourdine Imavov,1845.95
Michael Bisping,1839.84
Luke Rockhold,1838.4
Anthony Johnson,1837.84
Arman Tsarukyan,1836.87
Jared Cannonier,1832.74
Gilbert Burns,1831.98
Joaquin Buckley,1828.57
Fabricio Werdum,1827.68
Beneil Dariush,1820.59
Yair Rodriguez,1818.53
Johny Hendricks,1818.51
Vicente Luque,1814.23
Movsar Evloev,1813.5
Conor McGregor,1812.69
Zhang Weili,1806.5
Cain Velasquez,1803.09
TJ Dillashaw,1801.79
Frankie Edgar,1797.68
Demian Maia,1796.67
Cory Sandhagen,1795.5
Derrick Lewis,1794.42
Benson Henderson,1792.17
Chuck Liddell,1790.75
Curtis Blaydes,1790.11
Sergei Pavlovich,1788.39
Jack Della Maddalena,1788.14
Brian Ortega,1775.29
Alistair Overeem,1773.99
Jorge Masvidal,1762.32
Donald Cerrone,1759.39
Deiveson Figueiredo,1755.55
Junior Dos Santos,1752.44
Brandon Moreno,1750.84
Gegard Mousasi,1747.04
Demetrious Johnson,1745.63
Amanda Nunes,1738.8
Derek Brunson,1738.18
Kelvin Gastelum,1738.17
Jose Aldo,1737.22
Alexander Volkov,1736.32
Marlon Vera,1735.25
Stephen Thompson,1731.5
Mateusz Gamrot,1730.93
BJ Penn,1729.93
Josh Emmett,1726.9
Valentina Shevchenko,1726.63
Jiri Prochazka,1723.39
Sean Strickland,1721.74
Petr Yan,1718.11
Ryan Bader,1715.67
Alexandre Pantoja,1714.89
Michael Chiesa,1712.68
Manon Fiorot,1709.55
Brendan Allen,1707.06
Anthony Pettis,1705.41
Lyoto Machida,1703.93
Rose Namajunas,1703.78
Arnold Allen,1702.12
Jacare Souza,1701.85
Santiago Ponzinibbio,1700.34
Anthony Smith,1699.65
Carlos Ulberg,1699.61
Nate Diaz,1699.46
Lerone Murphy,1695.73
Anthony Hernandez,1690.09
Rashad Evans,1687.99
Kevin Lee,1687.15
Marlon Moraes,1686.39
Diego Lopes,1684.75
Jon Fitch,1683.93
Dan Hooker,1676.19
Joseph Benavidez,1675.95
Ian Machado Garry,1673.9
Andrei Arlovski,1671.96
Neil Magny,1671.96
Carla Esparza,1670.25
Renato Moicano,1668.48
Geoff Neal,1667.63
TJ Grant,1667.46
Gray Maynard,1666.85
Marvin Vettori,1666.21
Randy Couture,1664.6
Matt Hughes,1663.56
Diego Ferreira,1663.53
Jamahal Hill,1662.88
Virna Jandiroba,1661.65
Jailton Almeida,1658.41
Jessica Andrade,1658.02
Vitor Belfort,1656.31
Rafael Fiziev,1656.02
Roman Dolidze,1643.75
Al Iaquinta,1642.74
Dominick Cruz,1642.53
Rob Font,1639.92
Caio Borralho,1639.1
Mario Bautista,1633.38
Thiago Alves,1632.49
Jack Hermansson,1632.48
Edson Barboza,1631.46
Mark Coleman,1628.87
Alexander Gustafsson,1627.94
Rich Franklin,1625.72
Carlos Condit,1625.04
Erin Blanchfield,1624.43
Song Yadong,1622.92
Brandon Royval,1621.32
Dan Henderson,1619.78
Chan Sung Jung,1618.96
Alexa Grasso,1617.39
Royce Gracie,1614.22
Dan Severn,1613.51
Paddy Pimblett,1613.24
Darren Till,1610.31
Umar Nurmagomedov,1610.15
Chad Mendes,1609.31
Grant Dawson,1607.14
Corey Anderson,1607.05
Rory MacDonald,1606.94
Dominick Reyes,1606.86
James Vick,1604.64
Calvin Kattar,1598.58
Cody Garbrandt,1597.26
Chael Sonnen,1596.06
Tito Ortiz,1594.23
Kenny Florian,1593.66
Jonathan Martinez,1591.94
Renan Barao,1591.46
Paulo Costa,1590.64
Josh Koscheck,1588.67
Cub Swanson,1586.18
Ricardo Lamas,1585.55
Nikita Krylov,1584.65
Uriah Hall,1584.38
Kevin Holland,1580.21
Jairzinho Rozenstruik,1579.22
Quinton Jackson,1579.17
Tai Tuivasa,1578.64
Michel Pereira,1577.82
Rick Story,1576.98
Martin Kampmann,1576.05
Jussier Formiga,1575.64
Matt Brown,1573.27
Anthony Rocco Martin,1572.29
Nate Marquardt,1571.98
John Lineker,1570.69
Raphael Assuncao,1569.97
Brock Lesnar,1569.49
Michael Morales,1569.18
Phil Davis,1568.98
Daniel Rodriguez,1568.76
Thiago Santos,1568.68
Randy Brown,1566.79
Pedro Munhoz,1565.29
Mark Munoz,1564.33
Norma Dumont,1563.66
Giga Chikadze,1563.37
Alex Oliveira,1561.6
Aleksandar Rakic,1561.06
King Green,1560.15
Raquel Pennington,1559.54
George Sotiropoulos,1559.34
Serghei Spivac,1558.59
Jim Miller,1558.5
Mike Swick,1558.41
Joanna Jedrzejczyk,1557.47
Yushin Okami,1557.28
Darren Elkins,1554.51
Julianna Pena,1551.26
Gregor Gillespie,1550.52
Andre Muniz,1550.12
Eddie Alvarez,1549.45
Elizeu Zaleski dos Santos,1548.0
Maycee Barber,1547.89
Tim Sylvia,1545.03
Thales Leites,1544.05
Mark Hunt,1543.93
Li Jingliang,1542.69
Yan Xiaonan,1542.5
Marina Rodriguez,1541.81
Ben Rothwell,1538.71
Ricky Simon,1538.12
Dan Hardy,1536.37
Tatiana Suarez,1535.79
Muslim Salikhov,1534.72
Gunnar Nelson,1533.96
Katlyn Cerminara,1533.92
Travis Browne,1533.3
Benoit Saint Denis,1532.54
Dennis Siver,1532.02
Zabit Magomedsharipov,1527.94
Michel Prazeres,1527.02
Mauricio Rua,1526.52
Joel Alvarez,1526.27
Khalil Rountree Jr.,1526.11
Amanda Lemos,1524.89
Josh Barnett,1524.29
Michael Johnson,1523.98
Jake Ellenberger,1523.6
Marcin Tybura,1522.81
Francisco Trinaldo,1522.47
Rustam Khabilov,1520.91
Johnny Walker,1519.69
Leonardo Santos,1518.0
Diego Sanchez,1516.26
Yancy Medeiros,1515.62
Nasrat Haqparast,1514.78
Frank Mir,1514.65
Muhammad Mokaev,1512.94
Jean Silva,1512.59
Dong Hyun Kim,1511.57
Oleg Taktarov,1511.51
Carlos Prates,1511.0
Volkan Oezdemir,1510.12
Brad Tavares,1509.5
Rinat Fakhretdinov,1509.16
Natalia Silva,1508.49
Drew Dober,1507.81
Bryan Battle,1503.97
Jeremy Stephens,1503.52
Ronda Rousey,1501.17
Dennis Bermudez,1498.14
Paul Felder,1497.39
Nicolas Dalby,1495.85
Myles Jury,1494.41
Alan Belcher,1494.28
Paul Craig,1493.83
Dan Ige,1493.6
Antonio Carlos Junior,1493.21
Fares Ziam,1491.49
Urijah Faber,1490.78
Bryce Mitchell,1490.42
Lorenz Larkin,1489.75
Constantinos Philippou,1489.67
Jimmie Rivera,1489.34
Ilir Latifi,1489.26
Jimi Manuwa,1486.43
Francis Carmont,1484.63
Joanderson Brito,1483.82
Chris Gutierrez,1482.23
Ricco Rodriguez,1478.94
Forrest Griffin,1477.96
Germaine de Randamie,1476.53
Omari Akhmedov,1474.58
Said Nurmagomedov,1474.14
Olivier Aubin-Mercier,1473.9
Jalin Turner,1472.64
Melvin Guillard,1472.52
Sodiq Yusuff,1472.15
Mike Pyle,1470.78
Ryan Spann,1470.52
Shane Carwin,1469.12
Don Frye,1468.96
Ignacio Bahamondes,1468.8
Rogerio Nogueira,1467.89
Tim Boetsch,1467.49
Brian Ebersole,1466.43
Stefan Struve,1466.21
Clay Guida,1465.39
Mike Pierce,1463.42
Matt Hamill,1462.37
Chris Daukaus,1461.83
James Krause,1460.21
Sergio Pettis,1459.33
Kai Kara-France,1459.22
Gleison Tibau,1458.44
Matt Frevola,1457.66
Drakkar Klose,1457.28
Montel Jackson,1456.41
Pedro Rizzo,1456.01
Frank Shamrock,1453.46
Warlley Alves,1448.87
Jens Pulver,1448.76
Vinc Pichel,1447.12
Daniel Kelly,1446.29
Khaos Williams,1446.24
Tatsuro Taira,1445.48
Hector Lombard,1444.63
David Branch,1442.87
Matt Wiman,1442.2
Azamat Murzakanov,1442.05
Cody Stamann,1440.92
Steve Garcia,1440.86
Gabriel Bonfim,1440.68
Krzysztof Jotko,1440.52
Pat Miletich,1440.41
Ovince Saint Preux,1440.28
Sean Sherk,1439.52
Ken Shamrock,1439.04
Dustin Jacoby,1438.98
Mairbek Taisumov,1438.48
Sean Woodson,1438.24
Holly Holm,1438.21
Askar Askarov,1438.0
Joe Stevenson,1436.98
Alex Morono,1436.96
Irene Aldana,1436.45
Matheus Nicolau,1436.01
Bryan Caraway,1435.24
Alexander Hernandez,1433.96
David Teymur,1433.49
Evan Dunham,1433.03
Alex Caceres,1432.95
Elias Theodorou,1431.82
Miesha Tate,1430.37
Daniel Marcos,1429.69
Joe Lauzon,1429.33
Claudio Silva,1427.95
Roy Nelson,1425.75
Karo Parisyan,1425.73
Marcus Davis,1425.31
Jeremiah Wells,1423.55
Rashid Magomedov,1422.98
Youssef Zalal,1422.51
Aiemann Zahabi,1422.17
Takeya Mizugaki,1421.29
Jake Shields,1421.14
Mirsad Bektic,1420.33
John Dodson,1418.99
Manel Kape,1418.66
Misha Cirkunov,1418.35
Tim Kennedy,1417.86
Albert Tumenov,1417.09
Shane Burgos,1414.55
Chris Lytle,1414.25
Chepe Mariscal,1413.78
Alex Perez,1413.15
Kyler Phillips,1411.45
Marco Ruas,1411.44
Ryan LaFlare,1411.35
Brad Riddell,1411.12
Michael Chandler,1410.2
Cheick Kongo,1409.02
Sergio Moraes,1407.69
William Gomis,1407.48
Rousimar Palhares,1407.39
Dustin Ortiz,1407.02
Jason Knight,1406.57
Julian Erosa,1405.83
John Hathaway,1405.49
Amir Albazi,1405.07
Damon Jackson,1404.31
Yves Edwards,1403.97
Kyoji Horiguchi,1403.6
Alejandro Perez,1403.11
Adrian Yanez,1401.81
Evan Tanner,1401.48
Paulo Thiago,1400.51
Jake Matthews,1399.46
Louis Smolka,1398.49
Ketlen Vieira,1397.9
Chris Curtis,1397.37
Matt Mitrione,1396.28
Tabatha Ricci,1396.19
Casey Kenney,1394.88
Roman Kopylov,1393.78
Edmen Shahbazyan,1393.44
Patrick Cote,1393.14
Alonzo Menifield,1392.86
Chase Hooper,1392.77
Vinicius Oliveira,1392.66
Ludovit Klein,1391.17
Mark Madsen,1390.74
Ed Herman,1389.86
Curtis Millender,1389.77
Mackenzie Dern,1389.73
Bryan Barberena,1388.28
Gregory Rodrigues,1386.61
Thiago Moises,1385.59
Max Griffin,1384.29
Zak Cummings,1383.72
Aleksei Oleinik,1383.44
Matt Lindland,1382.6
Kurt Pellegrino,1382.37
Antonio Rodrigo Nogueira,1381.96
Thiago Silva,1381.72
Tagir Ulanbekov,1381.4
Nate Quarry,1381.29
Carlston Harris,1380.39
Jasmine Jasudavicius,1379.09
Lauren Murphy,1378.72
Nik Lentz,1377.97
Raoni Barcelos,1376.6
CB Dollaway,1375.28
Andre Petroski,1374.84
Adriano Martins,1373.79
Ben Saunders,1373.4
Jonathan Pearce,1373.16
Mike Russow,1372.86
Cristiane Justino,1372.51
Dooho Choi,1372.48
Macy Chiasson,1371.85
Sam Alvey,1371.57
Shamil Abdurakhimov,1371.22
Melquizael Costa,1371.2
Karine Silva,1370.71
Josh Samman,1370.58
Claudio Puelles,1369.98
Cynthia Calvillo,1369.96
Augusto Sakai,1369.58
Marcus McGhee,1369.53
Abel Trujillo,1369.36
Murilo Bustamante,1368.57
Scott Holtzman,1368.32
Nathaniel Wood,1367.91
Tracy Cortez,1366.62
Tyson Griffin,1366.02
Loopy Godinez,1364.03
Thiago Tavares,1363.48
Chas Skelly,1363.23
Brandon Vera,1362.81
Amanda Ribas,1362.41
Jorge Rivera,1361.76
Jennifer Maia,1360.82
Nick Diaz,1359.86
Pat Sabatini,1359.09
Kevin Randleman,1359.01
Roger Huerta,1357.61
Jared Gordon,1357.03
Michelle Waterson-Gomez,1356.35
Josh Thomson,1356.2
Tim Means,1355.85
Davi Ramos,1354.71
Ryan Hall,1354.12
Alan Jouban,1353.51
Marcos Rogerio de Lima,1352.39
Jared Rosholt,1351.8
Ronny Markes,1350.66
Jack Shore,1349.72
Jordan Mein,1348.95
Hyder Amil,1348.35
Kayla Harrison,1347.53
Bruno Silva,1346.76
Alexandr Romanov,1346.7
Christian Rodriguez,1346.56
Da Woon Jung,1345.84
Bo Nickal,1345.61
Mike Perry,1345.54
Ricardo Almeida,1345.27
Shara Magomedov,1345.18
Wilson Gouveia,1345.08
Ian Heinisch,1344.78
Paul Daley,1344.02
Matt Serra,1343.7
Alessio Sakara,1343.5
Karolina Kowalkiewicz,1343.32
Ramazan Emeev,1343.17
Clint Hester,1343.13
Iasmin Lucindo,1342.75
Hakeem Dawodu,1342.54
Waldo Cortes-Acosta,1342.47
Gabriel Gonzaga,1341.67
Iuri Alcantara,1340.34
Seth Baczynski,1340.01
Spencer Fisher,1339.83
Taila Santos,1339.24
Claudia Gadelha,1339.1
Paul Sass,1339.05
Farid Basharat,1338.81
Alan Patrick,1338.73
Rodrigo Nascimento,1338.2
Brett Johns,1337.8
Muhammad Naimov,1337.16
David Loiseau,1335.82
Asu Almabayev,1335.8
Joe Solecki,1335.75
Viviane Araujo,1335.12
Chris Leben,1334.6
Tecia Pennington,1334.06
Mark Kerr,1333.86
Miguel Baeza,1333.45
Reinier de Ridder,1332.16
Mauricio Ruffy,1331.52
JunYong Park,1330.6
Miranda Maverick,1330.43
Ray Borg,1329.91
Brian Stann,1328.94
Felice Herrig,1328.75
Hermes Franca,1328.11
Andre Fili,1327.65
Felipe Lima,1327.51
Rafael Natal,1327.15
Walt Harris,1327.1
Erik Perez,1326.85
Ailin Perez,1326.27
Damir Ismagulov,1326.12
Aaron Simpson,1325.76
Jerry Bohlander,1324.56
Terry Etim,1323.93
Kyle Nelson,1323.56
Niko Price,1322.9
Ricardo Ramos,1322.68
Jacob Volkmann,1322.66
Mick Parkin,1321.94
Renato Sobral,1321.85
Antonio Silva,1321.55
Michael Page,1320.38
Cole Miller,1320.29
Nordine Taleb,1319.99
Edimilson Souza,1318.95
Michael McDonald,1317.76
Danny Castillo,1317.74
Ali Bagautinov,1317.72
Ross Pearson,1317.49
Justin Willis,1317.14
Myktybek Orolbai,1315.55
Chris Wade,1315.15
Chris Camozzi,1315.11
Cezar Ferreira,1315.1
Matthew Semelsberger,1314.46
Abdul Razak Alhassan,1314.34
Rani Yahya,1312.91
Jordan Johnson,1312.03
Gavin Tucker,1311.52
John Moraga,1310.94
Aspen Ladd,1310.84
Jaqueline Amorim,1310.59
Vladimir Matyushenko,1310.36
Dustin Hazelett,1310.36
Jacqueline Cavalcanti,1310.36
Marcio Cruz,1310.07
Marco Beltran,1309.5
Davey Grant,1309.38
Alberto Mina,1309.05
Claude Patrick,1308.93
Wilson Reis,1308.63
Caio Magalhaes,1308.59
Tim Credeur,1308.27
Mike Easton,1307.78
Brendan Schaub,1307.75
Keith Jardine,1307.56
Angela Hill,1306.84
Cathal Pendred,1306.56
David Abbott,1306.1
Makhmud Muradov,1305.31
Gerald Meerschaert,1304.64
Frankie Saenz,1304.42
Trevin Giles,1303.87
Sam Stout,1303.39
Guy Mezger,1302.85
Kyle Noke,1302.21
Esteban Ribovics,1302.08
Kyung Ho Kang,1302.04
Steve Erceg,1300.96
Charlie Brenneman,1300.88
Kajan Johnson,1300.73
Jimmy Crute,1300.71
James Te Huna,1300.5
Joe Pyfer,1300.25
Luke Barnatt,1299.8
Montana De La Rosa,1299.67
Manuel Torres,1298.99
Khama Worthy,1298.86
Stevie Ray,1298.82
Jeff Monson,1298.5
Mateusz Rebecki,1298.17
Joshua Van,1297.72
Blagoy Ivanov,1297.59
Patrick Smith,1297.52
Ruslan Magomedov,1297.49
Rony Jason,1296.76
Stephan Bonnar,1296.59
Johnny Case,1296.56
Miles Johns,1295.04
Jason Lambert,1294.51
Makwan Amirkhani,1294.29
Nina Nunes,1293.77
Steven Siler,1292.88
Kennedy Nzechukwu,1292.28
Matt Schnell,1291.98
John Howard,1291.61
Tom Lawlor,1291.47
Vitor Petrino,1291.09
Nate Maness,1290.31
Mark Hominick,1289.1
Victor Henry,1288.99
Laverne Clark,1288.48
Ivan Salaverry,1288.04
Tom Breese,1287.63
Phil Rowe,1287.48
Mark Bocek,1287.24
Nate Landwehr,1287.24
Luis Pena,1286.96
Joe Soto,1286.65
Shawn Jordan,1286.3
Rodolfo Vieira,1286.14
Rich Clementi,1286.13
Charles Johnson,1286.02
Andrea Lee,1285.84
Thomas Almeida,1285.55
Din Thomas,1285.47
Andre Lima,1284.98
Maurice Smith,1284.94
Elves Brener,1284.78
Rafa Garcia,1284.46
Eddie Wineland,1283.86
Ariane da Silva,1283.82
Joe Duffy,1283.65
Elias Silverio,1283.62
David Onama,1283.5
Josh Culibao,1282.11
John Castaneda,1281.85
Gabriel Benitez,1281.68
Kevin Aguilar,1281.02
Matthew Riddle,1280.07
Casey O'Neill,1279.59
Gillian Robertson,1279.24
Chidi Njokuani,1278.8
Damir Hadzovic,1278.39
Bas Rutten,1278.26
Themba Gorimbo,1278.25
Jessica Eye,1277.76
Mickey Gall,1277.32
Mike Malott,1276.97
Magnus Cedenblad,1276.49
Nazim Sadykhov,1276.34
Ian Freeman,1275.99
Ottman Azaitar,1275.92
Shamil Gaziev,1275.59
Phil Hawes,1275.29
Brian Kelleher,1274.97
Mitch Gagnon,1274.89
Bartosz Fabinski,1274.61
Chad Laprise,1274.11
Lyman Good,1273.9
Yana Santos,1273.75
Philipe Lins,1273.5
Kyle Kingsbury,1273.45
Joaquim Silva,1273.34
Roosevelt Roberts,1272.99
Javid Basharat,1272.8
Daniel Omielanczuk,1272.73
Nick Osipczak,1272.64
Billy Quarantillo,1272.53
Sean Pierson,1272.2
John Makdessi,1272.06
Ion Cutelaba,1271.32
Bogdan Guskov,1270.93
Ivan Menjivar,1270.78
Hacran Dias,1270.27
Bill Algeo,1269.95
Siyar Bahadurzada,1269.83
Terrance McKinney,1269.68
Saidyokub Kakhramonov,1268.69
Marion Reneau,1268.29
Douglas Silva de Andrade,1267.23
Dean Lister,1266.94
Daniel Zellhuber,1266.73
Paige VanZant,1266.71
Jose Quinonez,1266.58
Akira Corassani,1266.56
Mike Davis,1266.34
Eliot Marshall,1266.31
Jamie Varner,1266.11
Sara McMann,1266.02
Norman Parke,1265.75
Luiz Cane,1265.14
Nursulton Ruziboev,1264.87
Joshua Burkman,1264.52
Peter Sobotta,1264.09
Raul Rosas Jr.,1263.15
Uros Medic,1263.06
Vitor Miranda,1262.97
Efrain Escudero,1262.82
TJ Waldburger,1262.68
Adlan Amagov,1261.64
Abus Magomedov,1261.43
Charles Jourdain,1261.35
Marcus Brimage,1260.87
Enrique Barzola,1260.44
Ben Nguyen,1260.29
Jeremy Horn,1260.0
Oban Elliott,1259.71
Tomasz Drwal,1259.65
Raulian Paiva,1259.0
Tsuyoshi Kohsaka,1258.85
Kiichi Kunimoto,1258.21
Diego Brandao,1258.01
Greg Hardy,1257.95
Matthew Lopez,1257.86
Paul Kelly,1257.73
Cat Zingano,1257.73
Tarec Saffiedine,1257.27
Sage Northcutt,1256.79
Jason MacDonald,1256.32
Andrew Craig,1256.31
Amir Sadollah,1256.24
Kenny Robertson,1255.78
Dan Miller,1255.37
Erick Silva,1255.04
Ramazan Temirov,1254.85
JJ Aldrich,1254.66
Aleksei Kunchenko,1254.32
Kendall Grove,1253.5
Brad Blackburn,1253.33
Wanderlei Silva,1252.92
Tatsuya Kawajiri,1252.82
Herbert Burns,1252.48
Scott Ferrozzo,1251.54
Cody Durden,1251.49
Karol Rosa,1251.43
Denise Gomes,1251.41
Payton Talbott,1250.84
Patrick Cummins,1250.51
Gerald Harris,1250.17
Roland Delorme,1249.77
Daniel Roberts,1249.62
Nora Cornolle,1249.58
Mayra Bueno Silva,1249.36
George Sullivan,1249.32
Houston Alexander,1249.26
Jeremy Kennedy,1248.86
Cameron Saaiman,1248.49
Pannie Kianzad,1248.19
Michal Oleksiejczuk,1247.11
Court McGee,1247.0
Valerie Letourneau,1245.61
Chris Padilla,1244.41
Josh Neer,1243.99
Igor Pokrajac,1243.72
Antoni Hardonk,1242.33
Yves Jabouin,1241.77
Taylor Lapilus,1241.54
Manny Bermudez,1241.43
Ricky Glenn,1240.56
Bethe Correia,1240.26
David Dvorak,1240.23
Hyun Gyu Lim,1239.98
Fabio Maldonado,1239.81
Veronica Hardy,1239.74
Josiane Nunes,1239.69
Robert Peralta,1239.61
Loma Lookboonmee,1239.13
Zubaira Tukhugov,1238.71
Guangyou Ning,1238.49
Brandon Thatch,1238.44
Gadzhimurad Antigulov,1238.43
Andre Ewell,1238.26
Desmond Green,1238.07
Pete Williams,1237.83
Remco Pardoel,1236.89
Maryna Moroz,1236.87
Tim Elliott,1236.11
William Knight,1235.97
Paul Buentello,1235.89
Karl Williams,1235.68
James Head,1235.32
Magomed Mustafaev,1234.92
Kevin Burns,1234.8
Jake O'Brien,1234.76
Justin Ledet,1234.55
Marc Diakiese,1234.41
Shonie Carter,1234.3
Eryk Anders,1234.14
Alexis Davis,1233.99
Duane Ludwig,1233.72
Todd Duffee,1233.58
Dennis Hallman,1232.29
Frank Trigg,1231.92
Nick Hein,1231.25
Sam Patterson,1230.05
Gerard Gordeau,1230.0
Dave Beneteau,1230.0
Gary Goodridge,1230.0
Kevin Jackson,1230.0
Jess Liaudin,1230.0
Johnny Bedford,1230.0
Daniel Pineda,1230.0
Martin Buday,1229.71
Krzysztof Soszynski,1229.15
Tyson Pedro,1229.08
Lucas Martins,1228.82
Jon Madsen,1228.17
Chris Duncan,1227.95
Jhonata Diniz,1227.47
Caol Uno,1227.4
Nicolae Negumereanu,1227.26
Godofredo Pepey,1226.99
Alatengheili,1226.89
Danny Roberts,1226.8
Takanori Gomi,1226.67
Da'Mon Blackshear,1226.1
Paul Varelans,1225.99
Andrew Sanchez,1225.86
Francisco Rivera,1225.72
Devin Clark,1225.67
Chance Rencountre,1225.62
Darren Stewart,1224.84
Nurullo Aliev,1224.7
Ikram Aliskerov,1224.67
Cung Le,1224.34
Maximo Blanco,1224.13
Ben Askren,1223.61
Brady Hiestand,1223.26
Karl Roberson,1222.88
Carlos Newton,1222.81
Soa Palelei,1222.74
Drew Fickett,1222.59
Tamdan McCrory,1222.04
Henrique da Silva,1221.54
John Maguire,1221.29
Alexander Yakovlev,1219.86
Steve Jennum,1219.47
Phillip Miller,1218.82
Alex Garcia,1218.74
Danny Silva,1218.59
Ramsey Nijem,1218.33
Marco Polo Reyes,1217.3
Hatsu Hioki,1216.37
Jason Saggo,1215.77
Joanne Wood,1215.75
Johnny Eduardo,1215.33
Chris Cariaso,1214.64
Marc-Andre Barriault,1214.41
Jamie Mullarkey,1214.27
Maurice Greene,1212.71
Trey Waters,1212.11
Dwight Grant,1211.76
Michael Graves,1211.07
Andre Fialho,1211.01
Brian Bowles,1210.69
Erik Koch,1210.69
Lavar Johnson,1210.51
Diego Rivas,1210.1
Jeff Molina,1209.03
Timur Valiev,1208.69
Christos Giagos,1207.84
Ismael Bonfim,1207.82
Tony Gravely,1207.49
Daniel Santos,1207.26
Cesar Almeida,1207.17
Molly McCann,1207.16
Igor Araujo,1206.94
Nick Maximov,1206.89
Devonte Smith,1206.63
Brock Larson,1206.55
Armen Petrosyan,1206.31
Daron Cruickshank,1205.61
Falaniko Vitale,1205.3
Rafael Estevam,1205.15
Mohammed Usman,1204.96
Joe Riggs,1204.62
Sabina Mazo,1204.6
Michael Trizano,1204.31
Mac Danzig,1203.71
Kevin Jousset,1203.64
Mirko Filipovic,1203.17
Marco Tulio,1202.95
Russell Doane,1202.9
Luana Pinheiro,1202.67
Jean Matsumoto,1202.67
Goran Reljic,1202.25
Eric Spicely,1202.13
Ismail Naurdiev,1201.87
Luana Santos,1201.44
Brad Pickett,1201.05
Rinya Nakamura,1200.96
Kenichi Yamamoto,1200.78
Joe Proctor,1200.61
Sam Hughes,1200.6
KJ Noons,1200.51
Brad Katona,1200.5
Darrick Minner,1200.19
Muin Gafurov,1200.15
Melissa Gatto,1199.48
Fredy Serrano,1199.31
Omar Morales,1199.24
Gian Villante,1198.77
David Terrell,1197.84
Hugo Viana,1197.66
Chris Holdsworth,1197.63
Brunno Ferreira,1197.48
Phil Baroni,1196.79
Zach Makovsky,1196.1
Sergey Khandozhko,1195.51
Vanessa Demopoulos,1195.49
Fabiano Iha,1194.35
Jason DeLucia,1193.27
Johnny Rhodes,1193.27
Keith Hackney,1193.27
Joel Sutton,1193.27
Steve Nelmark,1193.27
Pablo Garza,1193.27
Zhang Mingyang,1193.27
Chelsea Chandler,1192.86
Viviane Pereira,1192.66
Nick Ring,1192.64
Charlie Campbell,1192.25
Trevor Smith,1191.94
Song Kenan,1191.69
Jack Marshman,1191.09
Laureano Staropoli,1190.58
SeungWoo Choi,1190.17
Punahele Soriano,1189.63
Nicholas Musoke,1189.49
Jason Brilz,1189.37
Jack Jenkins,1189.17
Oumar Sy,1188.78
Anthony Perosh,1188.58
Poliana Botelho,1188.33
Roan Carneiro,1188.23
Rob Emerson,1187.91
Trey Ogden,1186.61
Elvis Sinosic,1185.56
James Irvin,1185.41
Khalid Murtazaliev,1184.76
Justin Scoggins,1184.43
Brian Melancon,1184.34
Mairon Santos,1184.09
Dhiego Lima,1183.1
Mike van Arsdale,1183.06
David Heath,1183.06
Rich Attonito,1183.06
Chris Beal,1183.06
Don Madge,1183.06
Melsik Baghdasaryan,1183.06
Tony DeSouza,1182.79
Danny Henry,1182.79
Carlos Felipe,1181.67
Mike Wilkinson,1181.2
Dylan Andrews,1180.54
Luke Sanders,1180.36
Piotr Hallmann,1180.01
Julio Arce,1179.71
Clayton Carpenter,1179.5
Gilbert Melendez,1179.48
Jordan Leavitt,1178.93
Jason Day,1177.53
Megan Anderson,1177.14
Leandro Silva,1176.95
Allan Nascimento,1176.66
Ildemar Alcantara,1176.6
Danny Barlow,1176.31
Eddie Sanchez,1176.12
Justin Tafa,1175.85
Fernando Padilla,1175.49
Stephanie Egger,1175.46
Tyson Nam,1174.95
Felipe Arantes,1174.88
Sheymon Moraes,1174.88
Shane Nelson,1173.74
Adam Wieczorek,1173.15
Piera Rodriguez,1172.97
Tanner Boser,1172.36
Jacob Malkoun,1172.31
Trevin Jones,1172.27
Christian Leroy Duncan,1172.24
Lone'er Kavanagh,1172.09
Royston Wee,1171.99
Zhang Lipeng,1171.99
Nad Narimani,1171.99
Josefine Knutsson,1171.99
Ryan Jimmo,1171.94
Mounir Lazzez,1171.86
Joe Charles,1171.79
Jessica-Rose Clark,1171.43
Ronnie Lawrence,1170.95
Jutaro Nakao,1170.48
Brian Johnston,1170.41
Jake Hecht,1169.43
Jesus Aguilar,1169.07
Neil Seery,1168.97
Liz Carmouche,1168.26
Antonina Shevchenko,1167.88
Eugene Jackson,1167.79
Mike Grundy,1167.69
Yoshiyuki Yoshida,1167.19
Mansur Abdul-Malik,1167.14
Zak Ottow,1166.96
Teruto Ishihara,1166.85
Manvel Gamburyan,1166.79
Sanae Kikuta,1166.59
Modestas Bukauskas,1165.88
Emily Whitmire,1165.87
Lina Lansberg,1165.51
Shane Roller,1164.78
Arjan Bhullar,1164.31
Bea Malecki,1164.21
Sergey Morozov,1164.21
Brian Foster,1164.01
Mark Hall,1163.91
Ikuhisa Minowa,1163.69
Darren Uyenoyama,1163.5
Antonio Carvalho,1163.25
Will Brooks,1162.63
Dmitry Sosnovskiy,1162.57
Lando Vannata,1162.56
Francimar Barroso,1162.38
Jafel Filho,1162.38
Sijara Eubanks,1162.09
DaMarques Johnson,1162.01
Sam Sicilia,1161.98
Pingyuan Liu,1161.79
Maiquel Falcao,1161.69
Jonathan Goulet,1161.31
Rodrigo Damm,1161.27
Che Mills,1161.07
SuYoung You,1160.53
Batgerel Danaa,1160.18
Dave Menne,1160.12
Rogerio Bontorin,1159.8
Niklas Backstrom,1159.73
Charles Radtke,1159.23
Tom Nolan,1159.16
Luana Carolina,1158.13
Ketlen Souza,1157.78
Scott Jorgensen,1157.2
Junior Albini,1157.05
Rory Singer,1157.03
Joe Slick,1156.96
Emil Meek,1156.92
Oskar Piechota,1156.91
Shayilan Nuerdanbieke,1156.9
Irina Alekseeva,1156.88
Lee Murray,1156.51
Eric Schafer,1156.09
Trevor Prangley,1155.36
Gabe Green,1155.07
JeongYeong Lee,1154.03
Joey Beltran,1153.64
Mark Godbeer,1152.89
Felicia Spencer,1152.65
Gan McGee,1152.35
Leandro Issa,1152.28
Sultan Aliev,1152.21
Yoshihiro Akiyama,1152.04
Mark Schultz,1151.73
Humberto Bandenay,1151.73
ChangHo Lee,1151.65
Livinha Souza,1151.48
Stanislav Nedkov,1151.0
Akihiro Gono,1150.89
Takashi Sato,1150.39
Juan Espino,1150.33
Isaac Vallie-Flagg,1149.45
Nikolas Motta,1149.39
Charles Rosa,1148.86
Alex Hunter,1148.49
Andre Winner,1148.47
Morgan Charriere,1148.33
Ibo Aslan,1148.13
Viscardi Andrade,1147.98
Masanori Kanehara,1147.91
Carmelo Marrero,1147.43
Terry Martin,1146.85
Lucas Almeida,1146.48
Keita Nakamura,1146.36
Justine Kish,1146.32
Anthony Njokuani,1146.14
Shinsho Anzai,1146.13
Hector Sandoval,1145.73
Diego Nunes,1145.49
Mike Massenzio,1144.93
Azamat Bekoev,1144.8
Jimy Hettes,1144.72
Semmy Schilt,1144.65
Parker Porter,1144.63
Luigi Fioravanti,1143.39
Kyle Daukaus,1143.1
Jonathan Brookins,1142.96
Tom Niinimaki,1142.63
Justin Eilers,1142.4
Melissa Mullins,1142.32
Tristan Connelly,1141.81
Kron Gracie,1141.8
Jonny Parsons,1141.72
Damian Stasiak,1141.68
Dan Bobish,1141.34
Tim Hague,1141.18
HyunSung Park,1141.15
Brianna Fortino,1141.03
Alessio Di Chirico,1140.79
Aleksandra Albu,1140.77
Reza Madadi,1140.51
Cyrille Diabate,1139.83
Pete Spratt,1139.62
Dustin Kimura,1139.54
Kamuela Kirk,1139.31
Bart Palaszewski,1139.27
Andrew Holbrook,1139.25
Roxanne Modafferi,1139.0
Renato Verissimo,1138.91
Steve Bosse,1138.78
Lucie Pudilova,1138.06
Tainara Lisboa,1137.75
Kimo Leopoldo,1137.47
Eduarda Moura,1137.47
Jordan Rinaldi,1137.45
Cory McKenna,1137.33
Shauna Bannon,1137.08
Mitch Clarke,1136.9
Gabriel Santos,1136.84
MarQuel Mederos,1135.97
Maheshate,1135.76
Tom Duquesnoy,1135.72
Jason High,1135.08
Don'Tale Mayes,1134.61
Tallison Teixeira,1134.6
Ashlee Evans-Smith,1134.55
Wang Guan,1134.41
Vince Morales,1133.75
Christian Wellisch,1133.41
Timothy Johnson,1133.22
Daria Zhelezniakova,1132.75
Jimmy Flick,1132.66
Chris Kelades,1132.57
Justin McCully,1131.94
Carlo Prater,1131.94
Lauren Mueller,1131.94
Luis Henrique,1131.58
Lance Benoist,1131.51
Bojan Velickovic,1130.92
Shane Young,1130.88
Valter Walker,1130.18
Jonathan Micallef,1129.46
Yazmin Jauregui,1129.41
Paddy Holohan,1129.19
Andrei Semenov,1128.49
Sean O'Connell,1128.32
Ian McCall,1128.23
Stephanie Luciano,1128.01
Michinori Tanaka,1127.55
Julian Marquez,1127.35
Waylon Lowe,1127.32
Emily Ducote,1126.83
Katsunori Kikuno,1126.46
Kaue Fernandes,1125.65
Priscila Cachoeira,1125.4
Leslie Smith,1125.16
Jonathan Wilson,1124.62
Danilo Marques,1123.84
Jake Rosholt,1123.65
Ryan Benoit,1123.13
Bibulatov Magomed,1123.09
Julia Avila,1122.69
Jon Tuck,1121.2
Hamdy Abdelwahab,1120.85
Austin Lingo,1120.69
Isaac Dulgarian,1120.27
Hans Stringer,1120.23
Drew McFedries,1120.21
Mizuki,1120.0
Juliana Lima,1119.97
Philip De Fries,1119.52
Ariane Carnelossi,1119.46
Damien Brown,1119.34
Bruno Lopes,1119.34
Yuta Sasaki,1118.73
Albert Duraev,1118.67
Rodolfo Bellato,1118.55
Montserrat Rendon,1118.14
Cameron Smotherman,1117.68
Jake Hadley,1117.65
Wellington Turman,1117.22
George Roop,1115.72
Kevin Rosier,1115.0
Scott Morris,1115.0
Frank Hamaker,1115.0
Orlando Wiet,1115.0
Harold Howard,1115.0
Marcus Bossett,1115.0
Jon Hess,1115.0
Todd Medina,1115.0
Onassis Parungao,1115.0
Scott Bessac,1115.0
Sam Adkins,1115.0
Rafael Carino,1115.0
Roberto Traven,1115.0
Nick Sanzo,1115.0
Justin Martin,1115.0
Enson Inoue,1115.0
Steven Graham,1115.0
Tony Fryklund,1115.0
Dwayne Cason,1115.0
Kazushi Sakuraba,1115.0
Chris Brennan,1115.0
Mikey Burnett,1115.0
Cesar Marscucci,1115.0
Tulio Palhares,1115.0
Sione Latu,1115.0
Ron Waterman,1115.0
Marcelo Mello,1115.0
Paul Jones,1115.0
John Lewis,1115.0
Katsuhisa Fujii,1115.0
Scott Adams,1115.0
Bob Cook,1115.0
Lance Gibson,1115.0
Yuki Kondo,1115.0
Genki Sudo,1115.0
Jonathan Wiezorek,1115.0
Alex Karalexis,1115.0
Branden Lee Hinkle,1115.0
Tom Murphy,1115.0
Mike Nickels,1115.0
Kalib Starnes,1115.0
Anthony Torres,1115.0
Paul Taylor,1115.0
Roman Mitichyan,1115.0
Matt Arroyo,1115.0
Troy Mandaloniz,1115.0
War Machine,1115.0
Shannon Gugerty,1115.0
Nate Loughran,1115.0
Rory Markham,1115.0
Steve Cantwell,1115.0
Rolando Delgado,1115.0
Junie Browning,1115.0
Nick Catone,1115.0
Mike Ciesnolevicz,1115.0
James Wilks,1115.0
Jesse Lennox,1115.0
James McSweeney,1115.0
Sean McCorkle,1115.0
Rob Broughton,1115.0
Nick Pace,1115.0
Cody McKenzie,1115.0
Mackens Semerzier,1115.0
Dave Herman,1115.0
Walel Watson,1115.0
John Albert,1115.0
John Cholish,1115.0
Simeon Thoresen,1115.0
Justin Lawrence,1115.0
Marcos Vinicius,1115.0
Thiago Perpetuo,1115.0
Ben Alloway,1115.0
Tor Troeng,1115.0
Robert McDaniel,1115.0
Antonio Braga Neto,1115.0
Josh Sampo,1115.0
Anying Wang,1115.0
Ricardo Abreu,1115.0
Eddie Gordon,1115.0
Henry Briones,1115.0
Aisling Daly,1115.0
Tony Sims,1115.0
Glaico Franca Moreira,1115.0
Alvaro Herrera Mendoza,1115.0
Martin Bravo,1115.0
Joseph Morales,1115.0
Mara Romero Borella,1115.0
Shana Dobson,1115.0
Rachael Ostovich,1115.0
Polyana Viana,1115.0
Charles Byrd,1115.0
Dalcha Lungiambula,1115.0
Yorgan De Castro,1115.0
Spike Carlyle,1115.0
Christian Aguilera,1115.0
Kay Hansen,1115.0
Sasha Palatnikov,1115.0
Aliaskhab Khizriev,1115.0
Juliana Miller,1115.0
Anshul Jubli,1115.0
Yanal Ashmouz,1115.0
Ryan Loder,1115.0
Nathan Fletcher,1115.0
Shi Ming,1115.0
DongHun Choi,1115.0
Tony Kelley,1114.95
Benito Lopez,1114.01
Alptekin Ozkilic,1113.73
Mike de la Torre,1113.18
Matt Veach,1113.09
Carlos Leal,1113.04
Jose Torres,1112.88
Tom Watson,1112.71
Justin Jaynes,1112.66
Kazuki Tokudome,1112.31
Ji Yeon Kim,1112.3
Mark Weir,1111.55
Shamil Gamzatov,1111.38
Sumudaerji,1111.19
Jacobe Smith,1110.75
Joselyne Edwards,1110.45
Cole Smith,1110.2
Jordan Espinosa,1109.99
Issei Tamura,1109.84
Ronaldo Rodriguez,1109.83
Marcel Fortuna,1109.75
Ode Osbourne,1109.02
Francisco Prado,1108.7
Cody Brundage,1108.66
Hunter Azure,1108.62
James Moontasri,1108.27
Ken Stone,1107.98
Marcus Aurelio,1107.97
Pete Sell,1107.92
Pat Barry,1107.89
Gabriella Fernandes,1107.51
Bec Rawlings,1106.03
Sarah Moras,1105.92
Azat Maksum,1105.91
Mario Pinto,1105.73
Robert Whiteford,1105.46
Loik Radzhabov,1104.96
Aleksa Camur,1104.31
Garrett Armfield,1103.66
Yui Chul Nam,1102.52
Talita Alencar,1102.25
Fabricio Camoes,1102.13
Zhang Tiequan,1101.51
Travis Lutter,1101.03
Josh Quinlan,1100.54
Artem Lobov,1100.42
Pascal Krauss,1100.06
Yoshiki Takahashi,1100.0
Ben Earwood,1100.0
Mark Hughes,1100.0
Benji Radach,1100.0
Dave Strasser,1100.0
Sam Hoger,1100.0
Nick Thompson,1100.0
Logan Clark,1100.0
Kyle Watson,1100.0
Ian Loveland,1100.0
Miguel Torres,1100.0
Clay Harvison,1100.0
Shamar Bailey,1100.0
Chris Cope,1100.0
Jeff Hougland,1100.0
Clifford Starks,1100.0
Justin Salas,1100.0
Buddy Roberts,1100.0
Colton Smith,1100.0
Nah-Shon Burrell,1100.0
Sarah Kaufman,1100.0
Jessamyn Duke,1100.0
Ernest Chavez,1100.0
Mark Eddiva,1100.0
Jim Alers,1100.0
Richard Walsh,1100.0
Joe Ellenberger,1100.0
Patrick Walsh,1100.0
Tiago dos Santos e Silva,1100.0
Heather Clark,1100.0
Jessica Penne,1100.0
Masio Fullen,1100.0
Reginaldo Vieira,1100.0
Erick Montano,1100.0
Chris Gruetzemacher,1100.0
Josh Stansbury,1100.0
Jessin Ayari,1100.0
Ryan Janes,1100.0
Naoki Inoue,1100.0
John Gunther,1100.0
Leah Letson,1100.0
Geraldo de Freitas,1100.0
Miranda Granger,1100.0
Kai Kamaka,1100.0
Guram Kutateladze,1100.0
Tafon Nchukwi,1100.0
Montserrat Conejo Ruiz,1100.0
Ricky Turcios,1100.0
Carlos Hernandez,1100.0
Jamey-Lyn Horth,1100.0
Ramon Taveras,1100.0
Bolaji Oki,1100.0
Victor Hugo,1100.0
Dione Barbosa,1100.0
Aleksandre Topuria,1100.0
Ebenezer Fontes Braga,1099.91
Levan Makashvili,1099.27
Gustavo Lopez,1099.26
Rei Tsuruya,1098.39
Yan Cabral,1098.37
Sean Spencer,1097.25
Jai Herbert,1097.17
Luke Jumeau,1095.32
Kevin Vallejos,1095.03
Chris Clements,1094.73
Andre Roberts,1094.37
Austin Hubbard,1094.02
Impa Kasanganay,1093.75
Rafael Alves,1093.75
Justin Edwards,1093.69
Abu Azaitar,1093.6
Jason Von Flue,1093.2
Leonard Garcia,1093.03
Danielle Taylor,1092.99
Preston Parsons,1092.98
Chris Wilson,1092.96
Malcolm Gordon,1092.78
Jorge Santiago,1092.42
Zachary Reese,1092.12
Austin Vanderford,1092.0
Luke Cummo,1091.75
Chad Anheliger,1091.67
Darko Stosic,1091.45
Cortney Casey,1091.21
Javier Vazquez,1090.89
Wesley Correira,1090.79
Maxim Grishin,1090.33
Jorge Gurgel,1090.07
Dan Cramer,1089.47
Cody Donovan,1088.9
Randa Markos,1088.9
Francisco Trevino,1088.63
Augusto Montano,1088.49
Justin Buchholz,1088.47
Jason Witt,1088.25
Carlo Pedersoli Jr.,1088.23
Daichi Abe,1087.97
Jamal Pogues,1087.57
Victor Altamirano,1087.43
Kyle Bochniak,1087.2
Tresean Gore,1087.13
Jared Hamman,1087.1
Ryo Chonan,1085.95
Jesus Pinedo,1085.79
Quillan Salkilld,1085.6
Nadia Kassem,1085.23
Noad Lahat,1085.2
Kanako Murata,1085.11
Jamall Emmers,1084.72
Geane Herrera,1084.66
Dong Hyun Ma,1084.45
Luis Saldana,1084.42
Mike Kyle,1084.39
Alvin Robinson,1084.15
Alexia Thainara,1083.95
Guido Cannetti,1083.62
Valmir Lazaro,1083.47
Dan Christison,1082.79
Ange Loosa,1082.74
Chico Camus,1082.67
Greg Soto,1082.3
Shane Campbell,1082.25
Viacheslav Borshchev,1082.05
Ateba Gautier,1081.82
Jenel Lausa,1081.69
Steven Peterson,1081.19
Cody Haddon,1081.06
Junior Tafa,1080.24
Amaury Bitetti,1080.21
Tucker Lutz,1080.02
Ihor Potieria,1079.71
Augusto Mendes,1079.68
Juan Adams,1079.6
Wang Cong,1078.51
Corey Hill,1078.27
Carlos Eduardo Rocha,1078.27
Nick Denis,1078.27
Mike Rio,1078.27
Galore Bofando,1078.27
Randy Costa,1077.94
Luan Chagas,1077.41
Elijah Smith,1077.34
Cristian Quinonez,1076.98
Marcelo Golm,1076.9
Vagner Rocha,1076.8
Alessandro Costa,1076.68
Luigi Vendramini,1075.9
Trevor Peek,1075.86
Heath Herring,1075.56
Edwin Figueroa,1075.44
Bogdan Grad,1075.33
Felipe Silva,1074.94
Blake Bilder,1074.89
Mario Miranda,1074.15
Oluwale Bamgbose,1073.87
Scott Smith,1073.39
Carlos Vera,1073.3
Albert Morales,1073.28
Viktoriia Dudakova,1073.19
Bassil Hafez,1073.16
Mike Brown,1073.14
Rameau Thierry Sokoudjou,1072.91
Felipe dos Santos,1072.52
Brandon Davis,1072.36
Caolan Loughran,1072.05
Milana Dudieva,1071.99
Jarred Brooks,1071.99
Nicco Montano,1071.99
Puja Tomar,1071.99
Billy Ray Goff,1071.9
Felipe Colares,1071.86
Dan Argueta,1071.84
Francisco Figueiredo,1071.27
Wu Yanan,1070.42
Rob Kimmons,1070.06
Adam Fugitt,1069.95
Dustin Stoltzfus,1069.83
Christian Morecraft,1069.75
Brendson Ribeiro,1069.7
David Bielkheden,1069.48
Francis Marshall,1068.84
Adam Milstead,1068.38
Mariya Agapova,1068.09
Forrest Petz,1068.06
Marcelo Guimaraes,1068.06
Magomed Gadzhiyasulov,1068.06
Navajo Stirling,1068.06
Torrez Finney,1068.06
Rafael Cavalcante,1067.67
Tyrone Roberts,1067.44
Eduardo Garagorri,1067.41
Ricardo Romero,1067.35
Darrell Horcher,1066.0
Cody Gibson,1065.66
Bruna Brasil,1065.62
Anthony Hamilton,1065.49
Mark De La Rosa,1065.3
Robelis Despaigne,1065.28
Tedd Williams,1064.88
Aoriqileng,1064.74
Syuri Kondo,1064.62
Brok Weaver,1064.1
Tamires Vidal,1063.72
Patrick Williams,1063.29
Jose Delgado,1063.15
Gina Mazany,1062.91
Mickael Lebout,1062.51
Geza Kalman,1062.21
Alex Nicholson,1062.21
Aaron Riley,1062.2
Jordan Wright,1061.76
Gaston Bolanos,1061.75
Fatima Kline,1061.57
Abdul-Kerim Edilov,1061.46
Irwin Rivera,1061.25
Felipe Bunes,1061.07
Daniel Sarafian,1060.89
David Martinez,1060.89
Gokhan Saki,1060.74
Kevin Ferguson,1060.63
Dominique Steele,1060.44
Alex White,1059.46
Hector Urbina,1059.22
Natan Levy,1057.88
Danny Chavez,1057.64
Jared Gooden,1057.63
Jamie Moyle,1056.93
Mana Martinez,1056.79
Andre Soukhamthath,1056.45
Travis Fulton,1056.33
Vaughan Lee,1054.99
Clay Collard,1054.43
Frank Camacho,1053.76
Kuniyoshi Hironaka,1053.31
Cheyanne Vlismas,1053.14
Vinny Magalhaes,1052.14
Luke Zachrich,1051.9
Joachim Christensen,1051.36
Johnny Munoz,1051.09
Abubakar Nurmagomedov,1051.07
Dongi Yang,1050.73
TJ Brown,1050.36
Hannah Cifers,1050.07
Michael Kuiper,1049.8
Jamie Pickett,1049.52
CJ Vergara,1049.34
Jeka Saragih,1047.46
Curt Warburton,1047.37
Reuben Duran,1047.21
Tae Hyun Bang,1047.21
Yosdenis Cedeno,1047.21
Garreth McLellan,1047.21
Khalid Taha,1047.21
Julia Polastri,1047.08
Chris Barnett,1046.96
Brad Scott,1046.94
Deron Winn,1046.62
Markus Perez,1046.42
Jake Collier,1046.2
Denis Kang,1046.05
Mads Burnell,1045.71
Chris Tuchscherer,1043.95
Gil Castillo,1043.91
Ozzy Diaz,1043.88
Marcin Prachnio,1043.68
Thomas Petersen,1043.66
David Zawada,1043.48
Cristiano Marcello,1042.97
Dusko Todorovic,1042.83
Sirwan Kakai,1042.62
Mason Jones,1042.56
Pete Rodriguez,1041.69
Anthony Birchak,1041.68
Jinh Yu Frey,1041.45
Ivan Jorge,1041.23
Roger Narvaez,1040.92
Allen Crowder,1040.6
Scott Askham,1040.14
Jose Johnson,1040.0
Xiao Long,1039.83
Klidson Abreu,1039.7
Mike Rodriguez,1039.02
Elise Reed,1038.83
Joe Moreira,1038.08
Lucas Alexander,1037.49
Jonathan Meunier,1036.98
Teemu Packalen,1036.74
Anthony Macias,1036.73
Tai Bowden,1036.73
Tra Telligman,1036.73
Rob MacDonald,1036.73
Louis Gaudinot,1036.73
Ian Entwistle,1036.73
Willie Gates,1035.75
Kevin Casey,1035.4
Mike Guymon,1035.04
Eric Shelton,1034.83
Junior Assuncao,1033.69
John Salter,1032.93
Sedriques Dumas,1031.2
Nate Mohr,1029.86
Lara Procopio,1029.74
Jarjis Danho,1029.4
Chris Dempsey,1029.12
Gilbert Urbina,1029.09
Yaotzin Meza,1028.16
Rafaello Oliveira,1028.01
Viktor Pesta,1028.01
Ernesta Kareckaite,1028.01
Joe Doerksen,1027.77
Ramiz Brahimaj,1027.38
Chris Fishgold,1027.37
Matt Dwyer,1026.06
Serhiy Sidey,1025.59
Ron Stallings,1025.39
Julija Stoliarenko,1024.28
Jordan Griffin,1023.83
Jason Gonzalez,1023.45
Frankie Perez,1023.44
Bruno Santos,1022.04
Karlos Vemola,1021.82
Matt Sayles,1021.25
Vernon White,1021.22
Alex Da Silva,1020.98
Kleydson Rodrigues,1020.04
Yao Zhikui,1019.97
Westin Wilson,1019.57
Cyril Asker,1018.62
Jerrod Sanders,1017.07
Richie Vaculik,1016.94
Mike Jackson,1016.94
Dustin Pague,1015.44
Riki Fukuda,1015.36
Tereza Bleda,1015.35
Brendan O'Reilly,1015.05
Renee Forte,1015.04
Vik Grujic,1015.0
Edgar Chairez,1014.18
Chase Sherman,1013.77
Jeremy Kimball,1012.98
Nam Phan,1012.84
Denis Tiuliulin,1012.84
Eddie Yagin,1012.27
Callan Potter,1012.16
David Mitchell,1011.8
Sai Wang,1011.44
Rongzhu,1011.19
Jack Nilson,1010.53
Brad Kohler,1010.53
Carli Judice,1010.48
Evan Elder,1010.42
Dale Hartt,1010.2
Joby Sanchez,1009.64
Josh Fremd,1009.57
Steve Bruno,1008.13
Milton Vieira,1008.04
Jared Vanderaa,1008.04
John Gunderson,1007.25
Charles McCarthy,1005.02
Mizuto Hirota,1003.68
Aaron Rosa,1003.66
AJ Fletcher,1002.5
Gasan Umalatov,1002.15
Phil Harris,1001.74
Akbarh Arreola,1001.09
Per Eklund,1000.69
Cal Worsham,1000.0
Marcus Silveira,1000.0
Alfonso Alcarez,1000.0
Mark Robinson,1000.0
Ron Faircloth,1000.0
Wagner Prado,1000.0
Mike Ricci,1000.0
Pedro Nobre,1000.0
Bubba Bush,1000.0
Robert Drysdale,1000.0
Keith Berish,1000.0
Alex Chambers,1000.0
DeAnna Bennett,1000.0
Melinda Fabian,1000.0
Bobby Moffett,1000.0
John Allan,1000.0
Ben Sosoli,1000.0
Kevin Croom,1000.0
Austen Lane,1000.0
Saparbeg Safarov,999.39
Benardo Sopaj,998.94
Raphael Pessoa,998.43
Claudio Ribeiro,998.02
Andreas Michailidis,997.72
Keith Rockel,997.29
Robert Sanchez,996.74
Henry Martinez,996.28
Kai Asakura,996.23
Seo Hee Ham,996.11
Marcus LeVesseur,996.09
Anton Kuivanen,995.69
Alexander Munoz,994.37
Matt Grice,994.24
Patricio Freire,992.6
Dennis Buzukja,992.59
Amanda Cooper,991.85
Nathan Coy,991.68
Ron van Clief,990.94
Daniel Spitz,990.87
Kamal Shalorus,990.65
Gabriel Miranda,990.59
Ashley Yoder,990.17
Roman Bogatov,989.8
Craig White,988.99
Kevin Borjas,988.87
Maki Pitolo,988.53
Kurt Holobaugh,987.63
Derrick Krantz,987.23
Yohan Lainesse,984.69
Don Shainis,984.52
Cody Pfister,983.3
Bekzat Almakhan,983.23
Maria Oliveira,983.1
Jesse Bongfeldt,980.66
Renzo Gracie,980.33
Cole Williams,979.94
Julian Sanchez,979.64
Journey Newson,979.24
Amar Suloev,978.7
Sean Salmon,978.54
William Macario,978.28
Papy Abedi,978.19
Daniel Barez,977.95
Jason Dent,977.57
Matt Hobar,976.95
James Toney,976.83
Quang Le,976.22
Ryan Jensen,975.9
Chad Griggs,975.54
Christian Colombo,975.22
Orion Cosce,974.85
Chris Haseman,974.05
John Alessio,973.4
Liana Jojua,973.26
Minoki Ichihara,972.24
CJ Fernandes,971.99
Stefan Sekulic,971.76
Kyle Bradley,971.62
Antonio Mendes,970.95
Charlie Ontiveros,970.79
Andre Pederneiras,968.88
Jorge Patino,968.4
Jamey Simmons,968.27
David Michaud,968.06
Gilbert Yvel,967.75
Melissa Martinez,967.21
Rolando Bedoya,965.61
Niklas Stolze,965.57
Nohelin Hernandez,964.93
Jeff Joslin,963.93
Bevon Lewis,963.74
Zachary Scroggin,963.37
Sabah Homasi,963.34
John Lober,963.07
Danny Downes,962.68
Alberto Crane,962.09
Andy Enz,961.92
Koji Oishi,961.69
Leonardo Mafra,961.59
Alex Reyes,961.26
Gaetano Pirrello,961.24
Mehdi Baghdad,961.04
Bobby Hoffman,960.86
Kris Moutinho,960.82
Liliya Shakirova,960.7
Roberto Romero,960.6
Adam Yandiev,960.32
Jon Delos Reyes,960.28
Landon Quinones,960.11
Marcin Held,959.29
Jason Reinhardt,959.07
Jesse Taylor,958.37
Pawel Pawlak,958.17
Mateus Mendonca,958.15
Marvin Eastman,957.57
Anderson Dos Santos,957.44
Mats Nilsson,957.37
Michael McBride,956.83
Josh Parisian,956.58
Liudvik Sholinian,956.55
Brock Jardine,956.47
Kazula Vargas,956.18
Kazuhiro Nakamura,956.12
Austin Arnett,955.88
Joseph Holmes,955.67
Roger Hollett,955.62
Chad Reiner,955.21
Jessica Aguilar,955.02
AJ Cunningham,954.99
Dan Moret,954.96
Denis Stojnic,954.71
Carl Deaton,954.39
Anton Turkalj,953.93
Rudyard Moncayo,953.79
Steve Lopez,953.58
Andy Ogle,953.57
Jason Tan,953.53
Kaynan Kruschewsky,953.45
Edgar Garcia,953.33
Shane del Rosario,953.04
Doug Evans,952.66
Joey Gambino,952.32
Jocelyn Jones-Lybarger,951.95
Tom Gallicchio,951.8
Salim Touahri,951.53
Assuerio Silva,951.0
Roman Salazar,950.68
Devin Powell,950.29
Oliver Enkamp,950.11
Mallory Martin,949.8
Zac Pauga,949.54
Billy Elekana,949.53
Josh Hendricks,949.11
Mike Breeden,948.75
Paul Creighton,948.31
Azunna Anyanwu,948.24
Greg Stott,948.04
Brandon Melendez,948.02
Eric McConico,947.73
Peter Barrett,947.27
Lukasz Brzeski,947.27
Julius Walker,947.21
Ryan Couture,946.36
Luan Lacerda,946.02
Darrius Flowers,945.88
Edwin DeWees,945.66
Tim Gorman,945.64
Austin Bashi,945.54
Rolando Dy,945.47
Ramona Pascual,944.36
Wes Sims,944.15
Blood Diamond,943.84
Amilcar Alves,943.55
Jim Mullen,943.54
Elvis Mutapcic,943.32
Thibault Gouti,943.21
Bojan Mihajlovic,943.1
Tonya Evinger,942.89
Homer Moore,942.86
Terrence Mitchell,942.55
Yanis Ghemmouri,942.55
Joe Brammer,942.52
Alex Soto,942.5
Jarno Errens,942.2
Alexandre Ferreira,942.12
Quinn Mulhern,942.07
Mitch Ramirez,941.96
JC Cottrell,941.58
Ricardo Funch,941.09
Matt Bessette,940.62
Rex Holman,940.54
Brandon Wolff,940.48
Mike Wessel,940.48
Igor Zinoviev,940.19
Hayato Sakurai,939.98
Carlos Huachin,939.97
Danny Mitchell,939.92
Nick Agallar,939.86
Shayna Baszler,939.77
Juancamilo Ronderos,939.77
Ray Rodriguez,939.67
Danyelle Wolf,939.17
Antonio McKee,938.98
Ryan Parker,938.6
Gilbert Aldana,938.26
Yuki Sasaki,938.11
Alexandre Barros,937.89
Matt Horwich,937.73
Jason Miller,937.67
Gabriel Silva,937.59
Yasuhiro Urushitani,937.28
Antonio Trocoli,937.22
Joao Zeferino,936.87
Jesse Butler,936.39
Julio Paulino,936.05
AJ Dobson,935.66
Joe Merritt,935.36
Steve Vigneault,935.04
Reese Andy,935.02
Joseph Gigliotti,934.99
Jodie Esquibel,934.87
Dokonjonosuke Mishima,934.76
Brian Houston,934.59
Kevin Jordan,934.42
Caio Machado,934.42
Neil Wain,933.73
Elizabeth Phillips,933.53
Ruan Potts,933.48
Mark Striegl,932.97
Joey Gomez,932.32
Melton Bowen,932.26
Darrell Montague,932.0
Joao Roque,931.94
John Marsh,931.94
Mike Whitehead,931.94
Seth Petruzelli,931.94
Josh Shockman,931.94
Victor Valimaki,931.94
Jared Papazian,931.94
Tateki Matsuda,931.94
Justin Jones,931.94
Jeff Hughes,931.94
Bruno Souza,931.94
Uran Satybaldiev,931.31
Zhalgas Zhumagulov,931.2
Eddie Ruiz,931.01
Justin Levens,930.89
Dominic Waters,930.78
Azamat Gashimov,930.69
Austin Springer,930.52
Talita Bernardo,929.94
Yusuke Kasuya,929.9
Nikolay Veretennikov,929.57
KB Bhullar,929.44
Jay Hieron,928.98
Cameron VanCamp,928.98
Thomas Gifford,928.77
Jesse Strader,928.53
Alen Amedovski,928.4
Grigory Popov,928.21
Diana Belbita,928.21
Andrey Pulyaev,928.11
Hernani Perpetuo,928.07
Nick Roehrick,928.07
Brad Gumm,928.01
Adrian Serrano,928.01
Jason Young,928.01
Josh Copeland,928.01
Paul Redmond,928.01
Mitch Raposo,928.01
Jin Soo Son,927.87
Damian Grabowski,927.65
Brian Camozzi,926.45
Alan Baudot,926.19
Mostapha Al-Turk,926.15
Erick Gonzalez,926.15
Kailin Curran,926.13
Dan Lauzon,926.07
Rob Wilkinson,925.29
Victoria Leonardo,924.64
Shanna Young,924.53
Martin Day,924.28
Rodrigo de Lima,923.36
Hugo Duarte,923.28
Takenori Sato,922.94
Zarrukh Adashev,922.9
Rhys McKee,922.79
Phil Johns,922.19
Juan Manuel Puig,921.79
Scott Baker,921.73
Fred Ettish,921.73
Felix Lee Mitchell,921.73
Joe Son,921.73
John Dowdy,921.73
Frank Caracci,921.73
Valeri Ignatov,921.73
Brian Gassaway,921.73
Guto Inocente,921.73
Jason Novelli,921.73
CM Punk,921.73
Lucio Linhares,921.61
Daniel Teymur,921.39
Pearl Gonzalez,920.93
Ivana Petrovic,920.69
Vanessa Melo,920.63
Sarah Frota,920.4
Yoshinori Horie,920.39
Ronys Torres,920.34
Eric Wisely,919.83
Nick Penner,919.74
Harry Moskowitz,919.25
Chris Heatherly,918.43
Kyle Prepolec,918.16
Tim Lajcik,917.85
Larissa Pacheco,917.38
Cindy Dandois,917.37
Anthony Christodoulou,917.26
Rainy Martinez,917.21
Paul Rodriguez,917.21
Bill Mahood,917.21
Chris Price,917.21
John Halverson,917.21
Jason Black,917.21
Ryan Thomas,917.21
Daniel Lacerda,917.21
Toshiomi Kazama,916.9
Askar Mozharov,916.44
Lucas Rocha,915.76
Travis Wiuff,915.71
Zviad Lazishvili,915.34
Rodney Wallace,915.19
Ravena Oliveira,915.1
Jason Godsey,914.54
Harry Hunsucker,914.29
Anthony Lapsley,914.05
Cristina Stanciu,913.32
Jay Silva,912.43
Michihiro Omigawa,911.99
Cameron Else,911.72
Reza Nasri,911.68
Brian Cobb,911.1
Stewart Nicoll,911.06
Willamy Freire,910.98
John Phillips,910.95
Keiichiro Yamamiya,910.48
Marcelo Aguiar,910.35
Nick Klein,910.18
Martin Sano,910.12
Caros Fodor,909.78
Jose Maria,909.22
Michal Figlak,908.96
Anna Elmose,908.82
Koji Kitao,908.68
Jonavin Webb,908.24
Yoji Anjo,908.15
Ericka Almeida,908.04
Saimon Oliveira,907.68
Pat Audinwood,907.33
Kit Cope,906.8
Gabe Ruediger,906.52
Chase Gormley,905.56
Tim Williams,905.41
Hector Aldana,905.27
Victor Martinez,905.13
Jay Perrin,905.08
Bobby Voelker,903.97
Kelly Dullanty,903.19
Lukasz Sajewski,902.89
Val Woodburn,902.84
Ashkan Mokhtarian,901.89
Joe Jordan,901.81
Todd Brown,901.7
Rafael Cerqueira,901.23
TJ O'Brien,900.57
Ivan Erslan,900.54
Danny Martinez,900.41
Roger Bowling,900.27
Fabio Gurgel,900.0
Wallid Ismail,900.0
Townsend Saunders,900.0
Noe Hernandez,900.0
Allan Goes,900.0
Alex Stiebling,900.0
Curtis Stout,900.0
Steve Berger,900.0
Nick Serra,900.0
James Zikic,900.0
Richard Crunkilton,900.0
Romie Aram,900.0
Bobby Southworth,900.0
Brad Imes,900.0
Keith Wisniewski,900.0
Steve Byrnes,900.0
Naoyuki Kotani,900.0
Dan Barrera,900.0
Dante Rivera,900.0
Andre Gusmao,900.0
Phillipe Nover,900.0
Justin Wren,900.0
James Hammortree,900.0
Mark Scanlon,900.0
Sako Chivitchian,900.0
Tyler Toner,900.0
Josh Grispi,900.0
Norifumi Yamamoto,900.0
Antonio Banuelos,900.0
Cole Escovedo,900.0
Ryan McGillivray,900.0
Chuck O'Neil,900.0
Donny Walker,900.0
Josh Clopton,900.0
Stephen Bass,900.0
Bernardo Magalhaes,900.0
Chris Tickle,900.0
John Teixeira,900.0
Brendan Loughnane,900.0
Colin Fletcher,900.0
Yuri Villefort,900.0
Jon Manley,900.0
Chris Spang,900.0
Collin Hart,900.0
Rosi Sexton,900.0
Roger Gracie,900.0
Julie Kedzie,900.0
Peggy Morgan,900.0
Dave Galera,900.0
Luiz Dutra,900.0
Mike Rhodes,900.0
Jumabieke Tuerxun,900.0
Alan Omer,900.0
Chris Indich,900.0
Alexis Dufresne,900.0
Daniel Spohn,900.0
Tina Lahdemaki,900.0
Andreas Stahl,900.0
Nolan Ticman,900.0
Jianping Yang,900.0
Rodolfo Rubio Perez,900.0
Leonardo Morales,900.0
Emily Kagan,900.0
Angela Magana,900.0
Alex Torres,900.0
Rocky Lee,900.0
Dileno Lopes,900.0
Nazareno Malegarie,900.0
Horacio Gutierrez,900.0
Enrique Marin,900.0
Abner Lloveras,900.0
Marcin Wrzosek,900.0
Cory Hendricks,900.0
Alex Ricci,900.0
Jim Wallhead,900.0
Kwan Ho Kwak,900.0
Carls John De Tomas,900.0
Terrion Ware,900.0
James Mulheron,900.0
Tyler Diamond,900.0
Allan Zuniga,900.0
Jay Cucciniello,900.0
Joe Giannetti,900.0
Alex Gorgees,900.0
Rostem Akman,900.0
Hannah Goldy,900.0
Antonio Arroyo,900.0
Carlton Minus,900.0
Jordan Williams,900.0
Gadzhi Omargadzhiev,900.0
Carlos Candelario,900.0
Nick Fiore,900.0
Yizha,900.0
Hailey Cowan,900.0
Marnic Mann,900.0
Rayanne dos Santos,900.0
Timmy Cuamba,900.0
Igor Severino,900.0
Pedro Falcao,900.0
Jose Ochoa,900.0
Baergeng Jieleyisi,900.0
Colby Thicknesse,900.0
Nissen Osterneck,898.35
Daiju Takase,897.94
Luis Pajuelo,897.87
Dakota Bush,897.58
Ramiro Hernandez,897.31
Ednaldo Oliveira,897.29
Jerome Rivera,897.29
Derrick Noble,897.11
Jose Daniel Medina,896.82
Gloria de Paula,896.1
Mike Stumpf,895.82
Carlos Barreto,895.25
Carlos Mota,895.13
Vinicius Salvador,894.93
Silvana Gomez Juarez,894.59
Jesse Sanders,894.25
Scott Junk,894.08
Klaudia Sygula,892.77
Dan Evensen,892.45
Alex Andrade,892.03
Stevie Lynch,891.6
Rin Nakai,891.22
Floyd Sword,890.86
Jordan Vucenic,890.58
Zelim Imadaev,890.53
Chris de la Rocha,889.45
Khusein Askhabov,889.28
Estevan Payan,888.79
Nick Aguirre,888.69
Marcelo Rojo,888.37
Darian Weeks,888.37
Brendon Marotte,888.33
Jeff Cox,888.07
Will Chope,887.74
Jordan Radev,887.57
CJ Keith,887.31
Eiji Mitsuoka,887.28
Iliarde Santos,887.22
Istela Nunes,887.21
Mohammad Yahya,886.94
Lewis Gonzalez,886.88
Bobby Nash,886.2
Paul Bradley,886.07
Jake Lindsey,886.05
Michael Patt,885.99
Jeff Curran,885.89
Ryan Madigan,885.46
Teila Tuli,885.0
Zane Frazier,885.0
Art Jimmerson,885.0
Trent Jenkins,885.0
Sean Daugherty,885.0
David Levicki,885.0
Thaddeus Luster,885.0
Robert Lucarelli,885.0
Alberta Cerra Leon,885.0
Emmanuel Yarborough,885.0
Christophe Leninger,885.0
Roland Payne,885.0
Eldo Xavier Dias,885.0
Jason Fairn,885.0
Asbel Cancio,885.0
Andy Anderson,885.0
Larry Cureton,885.0
Ernie Verdicia,885.0
Jack McGlaughlin,885.0
John Matua,885.0
Francesco Maturi,885.0
David Hood,885.0
Gerry Harris,885.0
Keith Mielke,885.0
Thomas Ramirez,885.0
Paul Herrera,885.0
Matt Andersen,885.0
Scott Fiedler,885.0
Moti Horenstein,885.0
Dave Berry,885.0
Jackie Lee,885.0
Eric Martin,885.0
Wes Albritton,885.0
Royce Alger,885.0
Dmitri Stepanov,885.0
Tony Halme,885.0
Donnie Chappell,885.0
Todd Butler,885.0
Houston Dorr,885.0
Josh Stuart,885.0
Courtney Turner,885.0
Eugenio Tadeu,885.0
Bob Gilstrap,885.0
Joe Pardo,885.0
Paulo Santos,885.0
Adriano Santos,885.0
Darrel Gholar,885.0
Joey Roberts,885.0
Chris Condo,885.0
David Roberts,885.0
Flavio Luiz Moura,885.0
Lowell Anderson,885.0
Masutatsu Yano,885.0
David Velasquez,885.0
Tiki Ghosn,885.0
Jermaine Andre,885.0
Alexandre Dantas,885.0
Aaron Brink,885.0
Joey Gilbert,885.0
Rodrigo Ruas,885.0
Zach Light,885.0
Leigh Remedios,885.0
Jeremy Jackson,885.0
Gerald Strebendt,885.0
Wade Shipp,885.0
Josh Rafferty,885.0
Alex Schoenauer,885.0
Lodune Sincaid,885.0
Chris Sanford,885.0
Jason Thacker,885.0
Fabiano Scherner,885.0
Keigo Kunihara,885.0
Sean Gannon,885.0
Kerry Schall,885.0
Sammy Morgan,885.0
Icho Larenas,885.0
Wes Combs,885.0
Jesse Forbes,885.0
Danny Abbadi,885.0
Ross Pointon,885.0
Josh Haynes,885.0
Pat Healy,885.0
Kristof Midoux,885.0
Crafton Wallace,885.0
Cory Walmsley,885.0
David Lee,885.0
Mario Neto,885.0
Justin James,885.0
Sherman Pendergarst,885.0
Edilberto de Oliveira,885.0
Andy Wang,885.0
Joe Veres,885.0
Dorian Price,885.0
John Kolosci,885.0
Richie Hightower,885.0
Billy Miles,885.0
Jared Rollins,885.0
Tommy Speer,885.0
Brad Morris,885.0
James Giboo,885.0
Johnny Rees,885.0
Brodie Farber,885.0
Cale Yarbrough,885.0
David Baron,885.0
Razak Al-Hassan,885.0
John Polakowski,885.0
Jules Bruchez,885.0
Shane Primm,885.0
David Kaplan,885.0
Tom Egan,885.0
Derek Downey,885.0
Neil Grove,885.0
Tim McKenzie,885.0
Frank Lester,885.0
Danillo Villefort,885.0
Darrill Schoonover,885.0
Marcus Jones,885.0
Rolles Gracie,885.0
Josh Bryant,885.0
Jamie Yager,885.0
Kris McCray,885.0
Vinicius Queiroz,885.0
Mike Lullo,885.0
Fredson Paixao,885.0
Will Campuzano,885.0
Aaron Wilkinson,885.0
Damacio Page,885.0
Jon Olav Einemo,885.0
Luis Ramos,885.0
Joseph Sandoval,885.0
Byron Bloodworth,885.0
Dustin Neace,885.0
Josh Ferguson,885.0
Pat Schilling,885.0
Dan Stittgen,885.0
Oli Thompson,885.0
Besam Yousef,885.0
Yoislandy Izquierdo,885.0
Jeremy Larsen,885.0
Chris Saunders,885.0
John Cofer,885.0
Wagner Campos,885.0
Delson Heleno,885.0
Anistavio Medeiros,885.0
Ulysses Gomez,885.0
Manuel Rodriguez,885.0
Adam Cella,885.0
Bristol Marunde,885.0
Jimmy Quinlan,885.0
Gilbert Smith,885.0
Sheila Gaff,885.0
Nandor Guelmino,885.0
Garett Whiteley,885.0
Jessica Rakoczy,885.0
Ben Wall,885.0
Sean Soriano,885.0
Albert Cheng,885.0
Sheldon Westcott,885.0
Jack May,885.0
Richardson Moreira,885.0
Wagner Silva,885.0
Marcio Alexandre Junior,885.0
Josh Shockley,885.0
Dashon Johnson,885.0
Matt Van Buren,885.0
Mike King,885.0
Cain Carrizosa,885.0
Humberto Brown Morrison,885.0
Lisa Ellis,885.0
Bentley Syler,885.0
Izabela Badurek,885.0
Leo Kuntz,885.0
Steve Montgomery,885.0
Hayder Hassan,885.0
Fernando Bruno,885.0
Daniel Jolly,885.0
Bruno Korea,885.0
Cesar Arzamendia,885.0
Vernon Ramos Ho,885.0
Martin Svensson,885.0
Charlie Ward,885.0
Michel Quinones,885.0
James Bochnovic,885.0
Mike Santiago,885.0
Kalindra Faria,885.0
Bharat Kandare,885.0
Ariel Beck,885.0
Karine Gevorgyan,885.0
Christina Marks,885.0
Maia Stevenson,885.0
Richie Smullen,885.0
Te Edwards,885.0
Michel Batista,885.0
Justin Frazier,885.0
Suman Mokhtarian,885.0
Vinicius Moreira,885.0
Duda Santana,885.0
Dequan Townsend,885.0
Khadis Ibragimov,885.0
Jacob Kilburn,885.0
Aalon Cruz,885.0
Anthony Ivy,885.0
Roque Martinez,885.0
Victor Rodriguez,885.0
Louis Cosce,885.0
Collin Anglin,885.0
Micheal Gillmore,885.0
Brogan Walker,885.0
Steven Koslow,885.0
SeungGuk Choi,885.0
Manolo Zecchini,885.0
Kiefer Crosbie,885.0
Dylan Budka,885.0
James Llontop,885.0
Tuco Tokkos,885.0
Kaan Ofli,885.0
Robert Valentin,885.0
Zygimantas Ramaska,885.0
Feng Xiaocan,885.0
Kiru Sahota,885.0
Samy Schiavo,884.85
Cortavious Romious,884.71
Ali AlQaisi,884.52
Angel Pacheco,883.13
David Dodd,882.6
Genaro Valdez,882.12
Anton Zafir,881.67
Ryan Roberts,881.53
Kevin Natividad,881.31
Marcos Mariano,880.97
Guilherme Vasconcelos,880.9
Motonobu Tezuka,880.85
Satoshi Honma,880.71
Fabio Cherant,880.41
Abdul-Kareem Al-Selwady,880.04
Vince Cachero,879.55
Maciej Jewtuszko,879.17
Gideon Ray,878.81
Xavier Foupa-Pokam,878.67
Tommy Hayden,878.64
Djorden Santos,877.85
Marcin Bandel,877.67
Kyle Stewart,877.64
Ryan MacDonald,876.37
Yuri Vaulin,875.67
Tom DeBlass,875.62
Joe Vedepo,875.29
Tony Petarra,874.22
Denys Bondar,874.06
Zarah Fairn,873.6
Solomon Hutcherson,873.34
John Campetella,872.89
Colin Robinson,872.89
Luke Caudillo,872.66
Max Rohskopf,872.41
Jorge Lopez,871.99
Konstantin Erokhin,871.99
Domingo Pilarte,871.99
Nicolle Caliari,871.99
Chan-Mi Jeon,871.53
Nyamjargal Tumendemberel,870.94
Aaron Phillips,870.08
Robert Bryczek,869.93
Jesse Ronson,869.71
Mandy Bohm,869.65
Diego Saraiva,869.11
Ike Villanueva,868.69
Joshua Weems,868.53
Steve Kennedy,868.38
TJ Laramie,868.28
Roldan Sangcha'an,868.06
Jorge de Oliveira,868.06
Leonardo Guimaraes,868.06
Dean Barry,868.06
Allen Berube,867.99
Jeff Newton,867.93
Mark Holst,864.74
Kody Steele,864.69
Josias Musasa,864.69
Barb Honchak,864.67
Wendell Oliveira Marques,864.13
Matt Lucas,863.53
Paul Georgieff,863.48
James Lee,863.14
Yusaku Kinoshita,863.12
Diyar Nurgozhay,863.0
Jason Gilliam,862.65
Felipe Olivieri,862.31
Alice Ardelean,861.65
Danilo Belluardo,861.51
Ronald Jhun,861.34
Ivan Serati,861.32
Rick Davis,861.18
Charalampos Grigoriou,860.04
Dieusel Berto,859.52
Ricky Rainey,859.08
Eddie Mendez,858.92
Isabela de Padua,858.66
Charlie Valencia,858.49
Hector Ramirez,858.27
Antonio Dos Santos,856.93
Rob Yundt,856.62
Fernie Garcia,855.79
Erik Silva,854.17
Shane Howell,853.84
Edward Faaloloto,852.79
Boston Salmon,852.79
Brian Geraghty,850.45
Ray Wizard,848.27
He-Man Gipson,848.27
Sam Fulton,848.27
Nate Schroeder,848.27
Sean Alvarez,848.27
Ansar Chalangov,848.27
Kristian Rothaermel,848.27
Roger Zapata,848.27
Dmitrii Smoliakov,848.27
Braxton Smith,847.74
Shunichi Shimizu,847.3
Drako Rodriguez,846.58
Wulijiburen,846.35
Chris Avila,845.92
Steven Nguyen,845.52
Elias Garcia,845.38
Filip Pejic,844.46
Alberto Uda,842.08
Shannon Ross,841.43
Sarah Alpar,841.34
Hu Yaozong,840.87
Sung Bin Jo,840.5
Brandon Jenkins,838.0
Saeed Hosseini,837.74
Steve Judson,837.74
Yuneisy Duben,837.73
Liang Na,836.29
Sean Sharaf,835.14
Luis Gurule,832.93
Chris Liguori,832.87
JP Buys,832.31
Joao Pierini,831.92
Connor Matthews,831.22
Cameron Dollar,826.17
Steve Steinbeiss,825.56
Tom Blackledge,821.14
Kelly Faszholz,820.85
Rashad Coulter,818.68
Cody East,812.74
Daniel Frunza,810.82
